Rank,Address,Quantity,Percentage,Value
1,Binance: Hot Wallet 20,109661.164,0.1812581223167914,199970422.39
2,Binance: Hot Wallet 6,59848.087960864505,0.09892245944094182,109134783.84
3,BSC: Token Hub,53192.41079433128,0.08792134015724941,96997956.86
4,Ethereum: ETH Token,30989.85775446843,0.05122290538006148,56510935.31
5,Venus: vETH Token,30427.01890792959,0.05029259323700801,55484581.79
6,0x34ea4138580435b5a521e460035edb19df1938c1,21998.00020370208,0.036360330915760054,40114013.31
7,Gate.io,17145.068673356924,0.028338956485316147,31264547.08
8,0xf89d7b9c864f589bbf53a82105107622b35eaa40,9913.78095771571,0.016386414806389537,18078076.99
9,0x21d45650db732ce5df77685d6021d7d5d1da807f,7368.788329115629,0.01217981542021007,13437206.58
10,Binance: Hot Wallet 7,6691.821889782,0.011060862627906155,12202737.97
11,0x7d05c84581f0c41ad80ddf677a510360bae09a5a,6327.861690322168,0.010459275521351879,11539045.63
12,0xd4dca84e1808da3354924cd243c66828cf775470,5535.425493242105,0.009149463625331962,10094014.45
13,0xdca6951b82e82af6aab4bb9e90ca00f5760370e1,5000.0,0.008264462810042368,9117650.0
14,0x5bf6941f029424674bb93a43b79fc46bf4a67c21,4940.161836372109,0.00816555675445758,9008533.31
15,0xa5abfb56a78d2bd4689b25b8a77fd49bb0675874,4198.3388464590635,0.006939403052103421,7655796.84
16,0xa949696cfdf479d224df4f95f0c3c2bd7230ccbf,4000.717193814954,0.00661275569235615,7295427.82
17,0x174ca62427d18b317b4226342db9e309c0fbd841,3749.999791,0.006198346762077231,6838237.12
18,0x6db133e840376555a5ad5c1d7616872ef57e7f13,3642.6957104375,0.006020984645442316,6642564.91
19,0x74e4716e431f45807dcf19f284c7aa99f18a4fbc,3626.7046165337456,0.0059945530852704215,6613404.67
20,0x455a281d508b4e34d55b31ac2e4579bd9b77ca8e,3389.6675361261036,0.0056027562581444255,6181160.44
21,0x6216e04cd40db2c6fbed64f1b5830a98d3a91740,3097.650400546915,0.0051200833067665645,5648658.43
22,0xd171b26e4484402de70e3ea256be5a2630d7e88d,2804.2027374360623,0.0046350458470718675,5113547.82
23,Multichain: anyETH Token,2749.6461879146595,0.004544869732159095,5014062.31
24,0x2976bd3774622367ce7a575d28201480e640966f,2461.677139657292,0.004068887834205832,4488942.11
25,0x09cdff26536bcfd97e14fb06880b21b7bb9e729a,2005.7811046861887,0.0033153406689529407,3657602.02
26,TranchessV2: ETH Fund,1678.3609321521947,0.002774150301119971,3060541.51
27,0x63b30de1a998e9e64fd58a21f68d323b9bcd8f85,1613.7804718079412,0.002667405738565871,2942777.1
28,PancakeSwap V2: ETH-USDC,1578.4146823369895,0.0026089498881997773,2878286.53
29,0xbff4a34a4644a113e8200d7f1d79b3555f723afe,1522.7194833989238,0.0025168917081354663,2776724.66
30,0xfb72d7c0f1643c96c197a98e5f36ebcf7597d0e3,1396.9023783214532,0.002308929550979477,2547293.39
31,0xa22e726e3d0ad73df1982e15e3223effda0dade0,1334.0,0.0022049586777193038,2432589.02
32,PancakeSwap V2: ETH-EMP 4,1295.3128586566572,0.002141012989547522,2362041.86
33,0xfa500178de024bf43cfa69b7e636a28ab68f2741,1262.2640390091608,0.0020863868413690157,2301776.34
34,0xdfc7127593c8af1a17146893f10e08528f4c2aa7,1227.9903028159988,0.0020297360377430976,2239277.16
35,0x1123e75b71019962cd4d21b0f3018a6412edb63c,1184.577688058826,0.0019579796497136274,2160112.95
36,0xd5a6d060606006b6da47a97bfb3832a9eb2fdf57,1115.503156967724,0.0018438068710489217,2034153.47
37,0x0639556f03714a74a5feeaf5736a4a64ff70d206,1096.96877050824,0.0018131715215286498,2000355.46
38,MaskEX 3,1002.843394964262,0.0016575923883957544,1828715.02
39,0x539e0ebfffd39e54a0f7e5f8fec40ade7933a664,910.5388290181996,0.0015050228579040874,1660394.87
40,0x7389aaf2e32872cabd766d0ceb384220e8f2a590,904.6504971464115,0.0014952900779505714,1649657.32
41,0x8a420aaca0c92e3f97cdcfdd852e01ac5b609452,866.2485136578608,0.0014318157250759738,1579630.15
42,0x477b8d5ef7c2c42db84deb555419cd817c336b6f,838.7347911550353,0.0013863384977978882,1529458.05
43,0x379044e32f5a162233e82de19da852255d0951b8,828.175109438925,0.0013688844784321527,1510202.16
44,0x66a2c48d0efc8fdd5376a629ef83f2359c0fccc9,802.0,0.0013256198347307959,1462471.06
45,0x40043df7e1bc448e48aff883f2255a52d419b178,801.0,0.0013239669421687872,1460647.53
46,0xbbe813a31ecc6f6a151d645151a205c9eac4262c,750.0,0.001239669421506355,1367647.5
47,0xaa1b1e1f251610ae10e4d553b05c662e60992eed,689.0253538798928,0.001138884882463331,1256458.4
48,0x72255d0472f2955511ed32975ae7122fc6891e73,682.4154456109603,0.0011279594142500544,1244405.04
49,Binance: wBETH Token,678.8732513131755,0.001122104547642057,1237945.74
50,0xe0c352c56af65772ac7c9ab45b858cb43d22f28f,667.7130022625245,0.0011036578549960738,1217594.69
51,0x407fb6b2ac60e5882ede4aa7cc0c5f848eb0bdb1,636.5168281609888,0.0010520939308605241,1160707.53
52,0x9e800547e39de062ca967759c0ebabf4e661944c,633.051753,0.0010463665339001252,1154388.86
53,0xc9df4ae113fa7cb67ce1779cb1560d1f43c2d373,630.8205585043527,0.0010426786091138757,1150320.21
54,0x18a15bf2aa1e514dc660cc4b08d05f9f6f0fdc4e,627.1519522883907,0.001036614797186574,1143630.4
55,0x336be3e5ea94b1395b7d3ac305ad286a45a179c1,620.4717040904222,0.0010255730646277815,1131448.77
56,0x940e2f7c54cf9ce30b3712ce62ca9213f86f9be2,603.8188314849413,0.0009980476553621072,1101081.75
57,0x9983d8cdeaf7872501628229d311e2f7df396add,603.4686984315141,0.0009974689230423843,1100443.28
58,0x575c37d9f670e6d92c734fec23e9275fe056b0d6,601.5430260953667,0.0009942859935611007,1096931.75
59,0xbf957e1c121fa769580d29bf320ee8bff138ad12,594.5212232039771,0.0009826797077900334,1084127.29
60,0xcc549272d06909c5c7c8af4908a5d3931418efb2,587.1981852241125,0.0009705755127818095,1070773.51
61,0x4447de210475bfa08e5d42271a73d7624c8a5ac6,572.3224448785362,0.000945987512210237,1043647.15
62,0x0f338ec12d3f7c3d77a4b9fcc1f95f3fb6ad0ea6,562.0831319980848,0.0009290630281100614,1024975.45
63,0xf77055dbfafdd56578ace54e62e749d12802ce36,550.0,0.0009090909091046605,1002941.5
64,0x21fb1e55ac7f1d205f18a3f7b37b63db4da5b628,544.0608183652894,0.0008992740799562299,992111.22
65,0x666fa13501ce90c6f8c078313bd72f1f95197c5d,525.8865286664205,0.0008692339316931824,958969.86
66,0xf639d88a89384a4d97f2ba9159567ddb3890ea07,522.8185259289286,0.0008641628527881603,953375.27
67,0x7f16639780aa0f1ae673a488d72737cc76dc4051,507.95,0.0008395867768722041,926262.06
68,0x2d1692566bcc8a51dd0fcded3e009dbebad84032,491.5500249259725,0.0008124793800552197,896356.22
69,0x964b24bb15b68597bd0848085813c11d8513e497,468.9339167604282,0.0007750973830868125,855115.07
70,0x9040f93c02c3bcf708aae7b6c0715e1272b89e0c,460.000445,0.000760331314061088,838824.61
71,0x5237eb109c66125c63907b91ac1473df8a4768b6,458.57535002077975,0.0007579757851697792,836225.91
72,0x50c8d5293cdc5a890c53ee2aadb7a0bfbd8ce9a2,431.44121449,0.0007131259743744235,786746.0
73,mexc.com,415.1101669340303,0.0006861325073393544,756965.84
74,0xa98791c6ce66992940e0c133e686577be84d2fe8,415.00248268,0.0006859545168368224,756769.48
75,0x4a347b6408b11b04de6a645ab02e33062f45f4ed,410.98712536271177,0.0006793175625932704,749447.35
76,0x7ba6da630ecd3449741f8a329f14947a59d4bf84,403.14360781,0.0006663530707704101,735144.46
77,0x9949dbb5fdcd361b41ce100b5d05e2d09e2b5d38,401.99999698639357,0.0006644628049462387,733059.05
78,0x878563de2b21f7604fb795759017ae2846c88885,399.59889984105075,0.0006604940493340418,728680.58
79,0xe6f79a4d711dc75b83821931792689ecd4060be1,399.33876901129787,0.0006600640810203942,728206.23
80,0xff18f92f5b6c2f46918c10cf6014dfa5266e6fc3,383.520031,0.0006339174066211592,699360.28
81,0x531febfeb9a61d948c384acfbe6dcc51057aea7e,381.97697880935465,0.0006313669071324506,696546.48
82,0x30e8d77adfbc1d446afdb5338828280bd323fa86,356.3410284664342,0.0005889934354906188,649798.56
83,0xe7f60328a9527691083f14b2179c16bd2575c97f,351.4635987011489,0.00058093156810986,640904.42
84,0x8bb63f15e5e1c327e192b72dcba7f754735d2fa0,351.00311648381216,0.000580170440477887,640064.71
85,0x9239df3e9996c776d539eb9f01a8ae8e7957b3c3,342.17385377431555,0.0005655766178173413,623964.29
86,0xe472ec4b00ab76d5c8c6943d2aa91820fd795293,341.18249697589283,0.0005639380115389318,622156.52
87,Celer Network: cBridge 2.0 2,339.8539021912027,0.0005617419871013942,619733.79
88,0xd9df8d890d05295330ae4e8b0c70e079f52ee47a,331.91804179,0.0005486248624711087,605262.51
89,0x90dac362b30512f809fffed7ffe25249a0dba845,331.52535083930184,0.0005479757865195316,604546.42
90,0x4daa66817f5436ed15879a3e1ebd6a5fd510131f,331.42633013680484,0.0005478121159368895,604365.86
91,0x2d3b5f570e733100d8f73a7eb3cd6a629d9371db,327.38141459291313,0.0005411263051204384,596989.83
92,0x05cc507c1dd9143143d29e379a0fb9ce733d5848,301.65847967,0.0004986090573133274,550083.29
93,0x0482f861954936f12a9605de11ee1a21042b0e16,301.01690008122426,0.0004975485951831034,548913.35
94,0x42425922360d54fabc5dd5a2a419a3bc38fa80cb,301.0001288190081,0.0004975208740885309,548882.76
95,0x8014e6f4965d131fb3a7b45321dfb30c29cdfd28,300.0,0.0004958677686025421,547059.0
96,0x27ce1c8e7b4382f5b4f7532f5496c0c77523cad9,300.0,0.0004958677686025421,547059.0
97,0x14b2e8329b8e06bcd524eb114e23fabd21910109,299.44216785520564,0.0004949457319995622,546041.78
98,0xf5e2f7caa4ff42bd03e04d99fa606e2e5ca57e24,296.34833,0.0004898319504206325,540400.07
99,0x1cf6ab396ea1bc043d23cdb1054f6fce18d1a832,295.063299197818,0.0004877079325657542,538056.78
100,0x6f82864f8f2d7e651bdab2dc57c50033862bb33e,294.58107428234,0.00048691086658974545,537177.43
101,0xe7a76a8022839a78c62aa9b1143c4faeed155d53,289.678843256542,0.0004788080053899567,528238.06
102,0xd8181397f2cfd540f6b4aa1c2592da5eb322a8d7,287.465090965,0.00047514891069313776,524201.22
103,0xc461e59276a2b03b9ebb1289c2c9cd020677c3a9,283.89567392122615,0.00046924904781077767,517692.28
104,0xaced15b9c8c8ebc0c3fb41b0f57f61ba59ed0e4c,278.67325051985733,0.0004606169430149962,508169.03
105,0x8cbeb2139df859774c75a18c2d606034101eb171,276.10306069362633,0.0004563686953682691,503482.21
106,0xa0d8278bd3b1dd4fa9c975d154eb9b2222d3dbd6,274.99548777396205,0.000454537996327474,501462.52
107,0xb60c61dbb7456f024f9338c739b02be68e3f545c,274.9098715,0.00045439648182505525,501306.4
108,0xac270f5cd954a47d61509bebbc9963a657414b7e,273.019877,0.00045127252397376836,497859.94
109,0x59d779bed4db1e734d3fda3172d45bc3063ecd69,272.2672436914519,0.0004500285019761493,496487.49
110,0xe56fe0c32fc63a45f9d6cdf4aebdaa1228b9ee02,270.5451294336446,0.0004471820321284909,493347.16
111,dForce: iETH Token,262.04705315217745,0.0004331356250514732,477850.66
112,0xfa0df920ae835fc68aa5cedac9c930a64f44c26c,251.79136393896135,0.0004161840726326778,459149.11
113,PancakeSwap V2: ETH-IMO,249.7299367238727,0.0004127767549217359,455390.03
114,0xbefd429cc065a1992f6543e75afd669e4b11cd7e,249.23776713671901,0.0004119632514718828,454492.55
115,0x9ad32e3054268b849b84a8dbcc7c8f7c52e4e69a,248.40400275976836,0.00041058512853475347,452972.15
116,0xe1336fa8165bc4dbadc7fb95718a3c9dcae23fdc,246.93130741723022,0.00040815092135696764,450286.65
117,0x5c0e1d81f215483eafa908f217e52e84f23b13f0,245.00000305,0.0004049586827333983,446764.86
118,0xdb562a0523d1770a14efe16ff0e37a39ec6aa660,240.69830933002936,0.0003978484451796203,438920.59
119,0xbf7e237fd704f69507c1920d1c1c96f19a8f5148,235.44060578986512,0.0003891580261048372,429333.01
120,0xa3113d6a5f286d156252dd39174b338a049b4e79,235.2034574242142,0.00038876604533516035,428900.56
121,0xdc5550d37a3601e9a7818f774a238d085ee68f5a,234.67550640236428,0.00038789339901803985,427937.83
122,0x4d41e9ede1783b85756d3f5bd136c50c4fb8e67e,233.65772756946626,0.000386211119955373,426081.88
123,0xa88c88018caaf859fc652340b0acaf16a7b76dec,232.6787329332363,0.0003845929470029023,424296.65
124,0x5959eeacda3652cf3816af17242fc6cb78f66e5c,232.46193,0.0003842345950471344,423901.3
125,0x04c245c1c7c0fe587591500b3d6946766b8609ca,230.62094353457914,0.000381191642211682,420544.21
126,0xc0115bcf6b0ad1dd30696f5b59bb95e7edab8627,227.989688,0.00037684245950983254,415746.04
127,0xf322942f644a996a617bd29c16bd7d231d9f35e9,227.62001454874954,0.00037623142901188866,415071.93
128,Tranchess: Treasury,227.32059940752893,0.0003757365279520124,414525.93
129,0x46ac8ffbfe632e229a1e81ef361ae3d6569dacfb,227.3141225414835,0.0003757258223883008,414514.12
130,0x3fb2623567e21f8c50f0ae86f54ef4849b4eb47b,227.1465878004462,0.00037544890546096224,414208.62
131,0xed6efd75754ed4e4284a4c5bba945fb3a6cbcb6e,220.66294819545615,0.00036473214578313057,402385.51
132,0xe5d31ad8b8269aa18aca9bc2ec552d300399db55,220.169921,0.0003639172247988932,401486.46
133,PancakeSwap V2: ETH-TITDAO 2,213.4872971734384,0.000352871565581269,389300.49
134,0x6dd9811c69d8f4a67ec761786d763f4192f82b6f,211.94678747644545,0.0003503252685614074,386491.33
135,0x22387d99bb56367dc47ec953f3c706f583f6a9ab,208.6430345525927,0.0003448645199268574,380466.83
136,0x9a05e72c654cb580420147724fe29e366e806c8b,208.30581620332808,0.00034430713422558515,379851.91
137,0xf86d8218bcc15874f5d25c191fddd43f2334c3eb,207.4448489062743,0.0003428840477841524,378281.91
138,0x8b2446190969a812074d7f854010b939c25756cc,205.27986023897068,0.00033930555411913364,374333.98
139,Biconomy: Liquidity Pool,203.23565279554668,0.00033592669884069577,370606.31
140,0x4a263121e4f490f2764cd44972118671b47dd3bb,202.52803361752436,0.00033475708036460807,369315.95
141,0x35bb00c9eb89373b300248eae5d2700b84f011c8,200.999944,0.0003322313124017197,366529.43
142,0x76d1e324757d7e6765df1ecfd6ba6f20ca04bb93,200.64811689499803,0.000331649779996749,365887.86
143,MaskEX 1,200.42951794,0.0003312884594099699,365489.24
144,0xfb41231d860eec59942d44ca17a37821850c1af9,200.0,0.0003305785124016947,364706.0
145,0x5666afb8ffd4e2f44c703e6728e802137638b2db,199.2033825456446,0.0003292617893366245,363253.34
146,0x1457d24195cad44fe2d941d2e977e4b01d08dbed,197.19831398345622,0.0003259476264238663,359597.04
147,0xfe21dd0ec80e744a473770827e1ad6393a5a94f0,194.84806962974213,0.0003220629250127099,355311.3
148,0x35a4fade9c9576d6f580319daef529c5bad3d65c,192.32164367294172,0.00031788701434024935,350704.29
149,0x72d96ed022aec0266fbc602b5304fac3ff264cc4,190.54028266546183,0.00031494261598073394,347455.92
150,0x191d96ce40b0abd52bc5c449d4260716cf686f6b,185.88309532136188,0.00030724478565979116,338963.4
151,0x54c55369a6900731d22eacb0df7c0253cf19dfff,184.6264212009766,0.00030516763835333776,336671.82
152,0x01264c70c4224d4f7752d43d2b363c91e892c1af,183.68434404,0.0003036104860211215,334953.91
153,0x6271ace39a321051b72ad117d32a94e17713d607,179.47256333493638,0.000296648865020911,327273.6
154,0xaec10151bcecdae067d30aa660fff737764716ca,177.6029724,0.00029355863207055624,323864.35
155,0x9944a69089a39cb719b8533cc892e133e3a80a07,174.00773685,0.00028761609397129275,317308.33
156,0xe2994c23e22c05119fe780684f8cd401e27ffd7a,168.5801276813052,0.0002786448391468682,307410.92
157,0x844b8721a28a13ba6977d5ca6dc52c9ab2811c52,166.92003222618052,0.0002759008797168685,304383.69
158,Native: PMM 1,165.4764620163492,0.0002735148132543013,301751.29
159,0x5c7231f42bbb4f4b62a8c65d3a017dbd0c7dc40a,162.37716776,0.0002683920128305061,296099.64
160,0x84e2a7fe384d419d47755b611361e709d5e23202,162.160016,0.0002680330843015751,295703.65
161,0x1b97149a6967ce9b19eae6638aa1ba2cb2a90953,161.76404861270115,0.00026737859275231086,294981.6
162,0x78252b5c1fd7cb7f8ee5f036b69b73091264cc9f,160.60830106476382,0.0002654682662267657,292874.06
163,0xf63646e7bc5d5df6d03de4cec088ef3f8cffc1a7,159.38476061147466,0.0002634458853122076,290642.89
164,0x3a723e58c4808dde4591543282adc7d6b378715b,159.08535333820137,0.00026295099725720295,290096.91
165,0x4a979ef95fbde7a76b96ddc173f536666ea58db2,158.31577500492335,0.0002616789669542448,288693.57
166,0xa81b4728b7697161c80bab51ad4489b0c6d9dbba,157.84077595,0.00026089384454940095,287827.39
167,0xb28da7bc87a9dd1e60849aa7fcb5da24ea913c42,157.08614115745408,0.00025964651431376897,286451.29
168,0x7a7e592eafb846661c7ce28f1e9bc4e43550b59e,153.00935937029075,0.00025290803202083513,279017.16
169,0x0802aadddcee28121ad83789910f13fa2fbe03c3,152.95940087928722,0.0002528254560026462,278926.06
170,0x70e2a2a6c00caad4eb7e8d600b5c62e85ab0a642,151.7796368129417,0.0002508754327524588,276774.72
171,0x12b075b1e4081ed94152a5857cbc6a1fcb0308b6,151.0729683882393,0.000249707385769462,275486.09
172,0x06dbc4fe79e2541b03fe4731b2579c0b7f46f099,151.0553031868276,0.00024967818708944217,275453.88
173,0xbaec5fce623cf6556038ee22c8267b8e6647cc97,151.00561500250714,0.00024959605785915924,275363.27
174,0x9e3eaaf5bd8e6325a8f1cbc22bf6747bc9a8b832,150.71089,0.00024910890909467725,274825.83
175,0xa7a8be97ab4d5cfb87989fb71eb22f51e46425ef,150.00493102733887,0.0002479420347596825,273538.49
176,0x34bf0eae92bf421f8cf8042cd54e970478134be4,149.72964114062452,0.0002474870101535362,273036.49
177,0xa591ee94e53ce82c57e07fab113694c6cdd7d012,146.94600823124256,0.00024288596402225675,267960.45
178,0xc6fa8622d087e5d766acce61fac0881609449d0c,144.62925548779666,0.0002390566206446023,263735.79
179,0xfd2411ba489c6ae1a7e30e6d8392cb479febf980,141.11084952,0.00023324107359030496,257319.87
180,0x78f7b4bd955af1fe8413223f943b5dc1e947b603,140.0,0.0002314049586811863,255294.2
181,0x49d17c582cbb0a033d401482be9742616d9ad66a,139.380802872433,0.0002303814923546138,254165.08
182,0x5b1d1bbdcc432213f83b15214b93dc24d31855ef,138.57184754773232,0.0002290443761154189,252689.92
183,0x2885788ca0288d5ea19b0a8ba4a3de6fe31d59de,137.78785799,0.0002277485256067508,251260.29
184,0xd290d11de499d364be82bf6eb308e377142180d1,136.01837375,0.0002248237582678636,248033.59
185,0x1444de7fe80cb2e4396921727aa4a36590cb52b2,134.77719577969006,0.00022277222443260953,245770.26
186,0xfe7c48a5a69278dc36653b17584686e113b9497e,134.5648,0.00022242115702815783,245382.95
187,0xec4f9c22af6b011544cb5fde8a33d488a3fdb7a0,134.47200903,0.0002222677835240233,245213.74
188,0xdace93290c3fe0f46db22ede20f967de0ffd06ee,133.754752,0.000221082234714088,243905.8
189,0x4fa9e9bcd7df0f8b4a74b8f73d162618af767a0d,130.4412192298174,0.00021560532104428182,237863.48
190,0xd91cf067edd811bed4cc88d3f141ea0d0c8161b2,129.78050514,0.00021451323163960848,236658.64
191,0x017faa77aad659522067795ccace3983582cb6fc,128.45466506943347,0.00021232176044855627,234240.94
192,0x6099dab0d8438cb952e6e3c90d0c7381b93c77f6,127.39688886861664,0.00021057337003395655,232312.05
193,0x14859e222af2978ed1baa80e7d301e9044a96972,126.51814262,0.00020912089689572525,230709.63
194,0xead6bdab1b9fc66c9a1c0e647674845971f57032,125.69767441596147,0.0002077647511039055,229213.48
195,0x284cb94aee8f2d373df004cefad09190d2d23fd4,125.61179954769709,0.00020762280917288785,229056.88
196,0xc9ece5649f4aeea94145bbe52727934c01d05532,125.48968715716741,0.00020742097051085228,228834.21
197,0xbe54dede16f805e2759f2efb38c7977d6fd9187e,121.69955824,0.00020115629461461303,221922.8
198,0xfddee9496b013fc6b0c1d8256c7e4f0f5ab98814,121.57871027380541,0.00020095654591015616,221702.43
199,0x8d99a4e2167a1a66b6f0f7a1bbeb076cbc073bbd,120.20373746015551,0.00019868386357351037,219195.12
200,0x831f42c8a0892c1a5b7fa3e972b3ce3aa40d676e,119.99994018368407,0.00019834700857107314,218823.49
201,0xc49e6713db21ee2cbdda61ff735e4c8224184dbc,118.451885,0.00019578823967238309,216000.57
202,0x0c0f1a11b220fd1d53306f67b9327cdeb31d662b,118.18581528808745,0.0001953484550245871,215515.38
203,0xc5b1497ff1c1b3c8e8e2bbac7630816979a8cb60,117.76603382436771,0.0001946546013655357,214749.9
204,0x5e5922c5a2e1c137d1d4cc3bf9374021a1002db2,116.07776808487412,0.00019186407948203302,211671.29
205,0x1fa8875976e784c2fab699e24fc79f329e8115f1,115.39207076956068,0.00019073069548976223,210420.9
206,WhiteBIT,114.7175226837642,0.00018961573997603218,209190.84
207,0x192d4064ec4645d1a3ea86f6f6beed237f102173,114.4726464,0.00018921098578798606,208744.3
208,0x52a258ed593c793251a89bfd36cae158ee9fc4f8,114.37691863403482,0.00018905275807564454,208569.74
209,0xcd8f352f937ffdb8ec937ccf7f18b56a229deea1,113.48794076249115,0.00018758337316397987,206948.66
210,0xb679bf2ca52d98d33028d346c5fb75f84069810c,113.36275818685154,0.00018737645981581208,206720.39
211,0x577d005912c49b1679b4c21e334fdb650e92c077,112.95398131855424,0.00018670079557068237,205974.97
212,0x441a7c1511fdacfc9965738c8690ba7e3f97ad93,112.05612384987805,0.00018521673363896374,204337.7
213,0x72a53cdbbcc1b9efa39c834a540550e23463aacb,111.99555316850811,0.0001851166168102516,204227.25
214,SwissBorg 5,111.5432230980471,0.0001843689638012138,203402.41
215,0x5755e4a8f8904fd3f779abc76eab436a49ab9a4d,109.82685781691225,0.00018153199639433644,200272.57
216,0xaabf14e20e86b0c9dce92c24eeca1d36070b2c91,109.25819248703066,0.00018059205370030306,199235.59
217,0x02eec96c946d7776bb325b2d016b9a503593c416,108.34367530006384,0.00017908045504413668,197567.94
218,0x5ef771a1693f26e2bf6bffcce47c5352c665aa07,108.34209005550083,0.00017907783480518953,197565.05
219,0xa0fca8fa8e9c6aa77305f94be0e03908d0a42900,108.32853852940822,0.0001790554355885072,197540.34
220,0x8c7de13ecf6e92e249696defed7aa81e9c93931a,108.13603082759481,0.00017873724104005046,197189.3
221,0x17bfe57f52016735bd084ac9f418ea1beb0dace4,106.85751366448012,0.00017662398953073802,194857.88
222,Hotbit 2,105.35085816769723,0.0001741336498665964,192110.45
223,0x855e99f768fad76dd0d3eb7c446c0b759c96d520,104.6699452206802,0.00017300817392109668,190868.79
224,0x8b2f57d12ae055f26fb643f9c4f64fffe9f4c6a1,104.63740027999235,0.00017295438063070272,190809.44
225,0x3f6c266ea6e9f05808c424987755aa42b953724e,104.2576445538613,0.00017232668521560059,190116.94
226,PancakeSwap V2: ETH-KENSHI,103.90330002488467,0.0001717409917792667,189470.78
227,0x4277a0fdb01ea563f556ab8293eaa5eabcbe80f4,102.23690077833177,0.0001689866128593029,186432.06
228,0xf03e70113e395c2cebe08f91faa56cad16722d4b,102.22901115866615,0.00016897357216564052,186417.67
229,0xb2b9efeebd55c9671588aead7974050a33c2d002,101.81513688364097,0.00016828948245484475,185662.96
230,0x5b77395b6a6a4e90d76766feaa4001b797867d25,101.5,0.00016776859504386008,185088.3
231,0x8bee7340304a051b16cecee05fb8c999db3b65ed,101.329944,0.00016748751074633514,184778.19
232,0xbe7019f8333b0b3cfc707ac353ebc2123140134c,101.32428953162055,0.00016747816451760864,184767.88
233,0xce062a7f6b95e905a403a4d3e38ea86d378b6a56,101.01855216464003,0.0001669728134977985,184210.36
234,HODL: LBank LP,100.98083496897252,0.00016691047102561983,184141.58
235,0x49e1760169b490058e72e9286f4757278e5b32a0,100.80554364150463,0.00016662073329426358,183821.93
236,0x6e6a5ade90e60ae883f0b35fb2e8d8f66e5d7a07,100.78091398694656,0.0001665800231214397,183777.02
237,0x00367258ea346ea11068b4fdc64704f671e1dd82,100.01819494355473,0.00016531933048771514,182386.18
238,0xdf4ccef670bace19c73430c8f84aeafc404e52fd,100.01472181352803,0.0001653135897769271,182379.85
239,0xd1e3ffe82a08a82ae2d4cf36891f19af35e56c47,100.0,0.00016528925620084734,182353.0
240,0x73909171f75bfaed8ac9b59afe2f62e48ebe6885,99.75465303698876,0.0001648837240305747,181905.6
241,0x8ae9d9dc8546b63635f0f4d0b58dfefdc7dc966b,99.4999204,0.00016446267834959518,181441.09
242,0x1ccb8e5c95744cb11d00e6183741533f19622dfa,98.95377751348796,0.0001635599628346856,180445.18
243,0xf8188706ea2956493de9b7ef70694dfb60f71a8e,98.887644,0.00016345065124214185,180324.59
244,0xc1978cab5a270f74a332bf3d7c1370fe79d4a714,97.80370644552345,0.0001616590189206659,178347.99
245,0x3196215119d12a61b3d0218a6b8f00bcfdc4eb3c,97.35587586503537,0.00016091880308513723,177531.36
246,0x312491b19590448a2fe168d4557fe83087acd7c3,97.098796,0.0001604938776883781,177062.57
247,0xf2fa7c80f7f5272a820981c8168859242525b807,96.64925,0.00015975082644869746,176242.81
248,0x59de3b49314bf5067719364a2cb43e8525ab93fa,95.92825075292718,0.0001585590921559971,174928.04
249,0x37e88775a9868dba9d4d3228a7845db14e53a204,95.15704897035846,0.00015728437846578158,173521.73
250,0x63dfe4e34a3bfc00eb0220786238a7c6cef8ffc4,94.44428751587944,0.00015610626035918686,172221.99
251,0x84811d901063391658ddacb6dbc6926d9014038d,94.43493331636772,0.0001560907988723904,172204.93
252,0xc6da94ca4cdbe74b777b53e42470f676c44b9ab6,94.33944339148456,0.0001559329642858043,172030.81
253,0x35a778461e80520d1a5b32066f4866f1e86a0a8c,93.69960721769367,0.00015487538383324135,170864.04
254,0x1447787533cf2f4cf41ee667f6e8662cde68c3ba,92.42577156798998,0.00015276987036262488,168541.17
255,0xdbf3da6ec8456a5adf1b3caa5472950afdcac3ee,91.999878,0.000152065914051887,167764.54
256,0x709a0ae90c5636eb3bf06ef7870e54c557abea39,91.96289741051575,0.0001520047891105898,167697.1
257,0x61696526e6cdd9e007a63ad57e5ed7b71da2aa87,91.91741913901456,0.00015192961841389247,167614.17
258,0xbcf51dbee457dd2d50817c81492e9bf11f3167f8,91.52482533,0.00015128070302708173,166898.26
259,0xbd5d0d10861f5415f5761cd6094f15456b0f3a78,90.92787427527963,0.00015029400706885132,165809.71
260,0x00405bc760229d8bbd79542b46da14f3f0a5ee79,90.76878416888422,0.0001500310482153012,165519.6
261,0xc814ce9f8d2d4f050159245f0b03e311bfcc1b28,90.6988,0.00014991537190309415,165391.98
262,0xb479dfd96118f2ed9342570c9cb9937a5f07c0dc,90.53027923,0.00014963682517581722,165084.68
263,0x62bec49ad0041182173f3b63ef7ea196764c8a1a,89.999864,0.0001487601057873742,164117.45
264,0x7b24c4c423fd110c87d29889fb1760ac8f6fb7e5,89.96380411086686,0.00014870050266483918,164051.7
265,OpenLeverage: Trade Controller,89.57031700053054,0.00014805011074691806,163334.16
266,0xc78248d676debb4597e88071d3d889eca70e5469,89.40501698995534,0.0001477768875889384,163032.73
267,0x04a52be45578e0b01dbe4723559fba4fd1a89d97,89.17332199,0.00014739392064685766,162610.23
268,Cream.Finance: crETH Token,88.56667777499992,0.00014639120293609854,161503.99
269,0xaec4e62bfd2566e407f38b8444846ec49cb721bb,88.0,0.00014545454545674568,160470.64
270,0x95016a9369f390da4ba6aa4b11bfb1b4a7e5190c,87.804093,0.00014513073223360027,160113.4
271,0x667764ca18bc980608a3111c40853814f523f7df,86.1600086,0.0001424132373575261,157115.36
272,0x76637ea238dcab9f4dcd382b982cd91a31799610,86.04589436,0.00014222461877901087,156907.27
273,0x456325f2ac7067234dd71e01bebe032b0255e039,85.18262628948507,0.00014079772940623733,155333.07
274,0x62a79b7ecf3d79c4f98f0063e2ea25287fe59c07,85.0,0.00014049586777072025,155000.05
275,0x00b4c39905c6b6f6604097b97ae153c3f1b217c7,84.18279737225902,0.0001391451196256734,153509.86
276,0x4d9eb5be0ae58d5a6c32a816702d89af8ae7a096,83.99948233470892,0.00013884211956360253,153175.58
277,0x71cb4183476394c057657420d7c0b36c6aab7518,83.41681706990107,0.00013787903648126095,152113.07
278,0xdf2549710a3efecde066a03632d919a2cd692de2,83.21121244,0.00013753919411778296,151738.14
279,0xace8a2c1d5fc8e2f83b1a751c11a94da69ed825a,83.18331913638026,0.00013749308948370005,151687.28
280,0xb9d7424d05ef97ccea39e539231c64fe1be9e377,82.44967802239991,0.00013628045954321833,150349.46
281,0x13de257cb86a08753df938b6ad30d1a456a863e6,82.14812180292017,0.00013578201951101288,149799.56
282,0x6b9353bf4f90abdb218979b7596fafc3c6c6ac64,81.9133802673373,0.0001353940169728535,149371.51
283,0xa88902d6e93922893ee77234ed1c3ba4bec90224,81.3634286155293,0.00013448500597811579,148368.65
284,PancakeSwap: ETH,81.00365195486046,0.000133890333811712,147712.59
285,0xb65cebf1371ab5e3748331004f652cd6c8f86abe,80.8439,0.00013362628099375685,147421.28
286,0xb73b0f097457ba4bdb676c289be0c7f534fe9a57,80.20093436,0.00013256352786977384,146248.81
287,0x800bd77cd93992a2bd6fc99fe4ea0a1dc99ee7ab,80.12788311,0.00013244278200200338,146115.6
288,0xf785efeafa8539172d2a5d9ca529e0211f07251a,79.6416986,0.00013163917124166065,145229.03
289,wolf.bet,79.59612097971265,0.00013156383633209365,145145.91
290,0xa0c3ef24414ed9c9b456740128d8e63d016a9e11,79.26101772134305,0.00013100994664882974,144534.84
291,0x05803e6864f1361a1b9c8911a77974b772f569b8,79.0,0.0001305785123986694,144058.87
292,0xd2a5dbbe0682dfadd919187a96ba249ab68bcbe5,78.91318596,0.00013043501811767553,143900.56
293,0xa9d32e13e1d4e6799b9f169fe6a53d470b8cf2c8,78.42404904,0.00012962652734080376,143008.61
294,BlockBlend: Deployer,76.82668333871895,0.00012698625345434886,140095.76
295,0x98254e7a360d64a155ca790031ab5e23bdc5f425,76.79650208479795,0.00012693636708423076,140040.73
296,0x03509f5c6bfbc0c8768755244f47b5f81badcfb3,76.46381121062853,0.00012638646481286805,139434.05
297,0x74b653a0aba205ebcc7ddf6c422c5c65defff275,76.15857913,0.00012588194897711078,138877.45
298,Gladian: Deployer,76.02491844170865,0.00012566102221960105,138633.72
299,0xbfdd7839107a5ed26ea40d7d877d5545bd9a184f,75.2004062499378,0.0001242981921505377,137130.2
300,0x16149a59e32f5629522b57d54c1e85d08a7422ed,74.43488902893762,0.0001230328744298571,135734.25
301,0x5cad1b6888ad23a0c492242c455fb62a182fcdad,74.33332885305492,0.00012286500637054433,135549.06
302,0x0fb881c078434b1c0e4d0b64d8c64d12078b7ce2,74.15827098571664,0.00012257565452369982,135229.83
303,0x75e4d0f7dd2c53d25b05ca4eabe44a6731c417c7,73.40447557116147,0.00012132971168970549,133855.26
304,0x7f02399ac9d46655022d2574a433f0017ce1b4b9,73.22689793,0.0001210361949274507,133531.45
305,0xfeaeb5bc3d63352972dce393deeb929e763d12f5,73.089608,0.00012080926942331503,133281.09
306,MaskEX 10,73.002097230172,0.00012066462352277068,133121.51
307,0x9a8cf02f3e56c664ce75e395d0e4f3dc3dafe138,72.980193143118,0.00012062841842020155,133081.57
308,0x7b7b957c284c2c227c980d6e2f804311947b84d0,71.86595831177827,0.00011878670795514934,131049.73
309,0x9a80910e5d959bbbfbc6be7c7bae1945ad2094e5,71.19924946436358,0.00011768470986023234,129833.97
310,0x79e3c56df37ee819ff3d73e23cae8b139afae704,71.18629673507039,0.00011766330039032592,129810.35
311,0x4fb87838a29b37598099ef5aa6b3fbeeef987c50,71.06751852914854,0.000117466972777229,129593.75
312,0x282865837052bd9e45dc030917e4be7868230eef,70.85583242753556,0.00011711707839439233,129207.74
313,0x962dadb67698591de4a39b9645a9ac4581696f1c,70.37206196010996,0.00011631745778706519,128325.57
314,0x65ed43ed844f01a589620fc7b21009e2f8fdae0b,70.28092657716519,0.00011616682079045998,128159.38
315,0x91e5e1494c76a5d7352629d3f4419fa13dc2b631,70.0964103,0.00011586183520836416,127822.91
316,0x4b2cad10b86c42fb79518d0ee4905d2868a77d42,70.0,0.00011570247934059315,127647.1
317,0x7ca87f17cd4b660ab496fa1019224793a4e5eee1,69.80235019870648,0.00011537578545415263,127286.68
318,0xd2d2a89aa3b448e3dd39f8d17777fa7a591644af,69.40190052480317,0.00011471388516669913,126556.45
319,0x39cf026491fe4ee63e865d67f208229c2b9ea4c6,69.01940913251511,0.00011408166798935393,125858.96
320,0xd4146405010e812c7f98d8b4f518bd1a925f444c,68.9300187,0.000113933915208335,125695.96
321,0x35fd36fa91b6677c6caeaa5217a7022042fda46b,68.560103,0.00011332248429923483,125021.4
322,0x8b1d558dbfba67709435bf30a55df4b3fc6c3151,67.2746655,0.00011119779421655807,122677.37
323,0xdff568cbddc07c0b565b61da37f3a591597b6b49,67.02446214,0.00011078423494382453,122221.12
324,0x0f9a9348cf7e8820d7f2caa57d195bd361c2812c,66.77309651258658,0.0001103687545679283,121762.74
325,0x25e9ddcaf9e256d3440915a650bbe4d61ed36bc5,66.62350334812434,0.00011012149313906136,121489.96
326,0x94d0b850a223d140237741db4aa66926fc6bf4c0,66.53147868801344,0.00010996938626284268,121322.15
327,0x8fcbb9bcc56fc32c6d0b660293196aa1e723a5b4,66.29295090155064,0.00010957512545876598,120887.18
328,0xd4b12746605155d315ecb857a5a70aaccadecc84,66.1621112965333,0.00010935886164881669,120648.59
329,0x7c2d4a1cf252d8f9979489b164d50c762727a756,65.9999,0.00010909074380330305,120352.8
330,0x9b208d3170fda28fd843d75d0f1643db5ba081c3,65.95125649809702,0.00010901034132081757,120264.09
331,0xb25238e2c6dd6319c3377bfb9ebc22ba603b57eb,65.75804254470835,0.00010869097941438518,119911.76
332,0xbe330b19861d182d64557b247b6dd92b77bb07c2,65.601,0.00010843140496031788,119625.39
333,0x42d562432efa508fd13b9741f93a1f264cf3ebfb,65.3797001359155,0.00010806562006099912,119221.84
334,0xd68f747d69ed22ee944f35a4482387d3a56b6db5,65.31386304,0.00010795679841485616,119101.79
335,0xfe88cd7ec990f4443a128ad941cd61d6f0fc0566,65.08636672601243,0.00010758077144958174,118686.94
336,0xef15bafccaecc606ecbed4785c38fa3ab0a767d3,64.78708713156499,0.00010708609443395866,118141.2
337,0xdabe5e1739cc024e4eb0309c490b8c0a2847f492,64.76972650765936,0.00010705739918783321,118109.54
338,0x1f08df153ad3c2be402bedfa73fa5be5b6b9f8fe,64.57859773,0.0001067414838528543,117761.01
339,0xbe883a42d6ae7f08f73d7d91c69e603f61b58e3d,64.05548928680169,0.00010587684179796798,116807.11
340,0x20bb82f2db6ff52b42c60ce79cde4c7094ce133f,63.80634535,0.00010546503363795895,116352.78
341,0x965424945ad83cada4588a19716095b7f96d727d,63.8015163108626,0.0001054570517550871,116343.98
342,0xa9dda7fd4c6cc89b5bc3d7e4c50c9ea11d1084f6,63.79241453006576,0.00010544200748930697,116327.38
343,0xb0e3527f3e8a045fdb8dfd09f851069fda29b8f7,63.72879128401212,0.00010533684509913407,116211.36
344,0x164055b33c744cefc9a704c1784bbb4dc1995a6f,63.72760242788122,0.000105334880047678,116209.19
345,0xc32ff346a2a8bd932c9d149faec70fd86b93b0a5,63.725325478971364,0.00010533111649576083,116205.04
346,0x9ea1448979a450daca01bdd75e78f050a8302048,63.68354366,0.00010526205563795588,116128.85
347,0x33550eec7987a313d5125f2d78db4c0cfbe2c4dd,63.4166,0.00010482082644786657,115642.07
348,0x937b9f1c4b401347e36b28b2dffebab5b0d86ff6,63.17505350652131,0.0001044215760454164,115201.61
349,0xbff509271c946e422a541a7c91b8752c79a16198,62.99231697755122,0.0001041195321958745,114868.38
350,0xf3d5818e0619e681814715c5e7876c63a4af061b,62.768542715501916,0.00010374965738256426,114460.32
351,0x3e171dd33502fb993a853f420ea3cd8e9385b757,62.76213218047232,0.00010373906145689536,114448.63
352,0x4d0c37f1dc895b0ea77be44803c6bd1d8b8ef059,62.49746135662464,0.00010330158902077687,113966.0
353,0xda43c54ce5083885f561e05fd6220b7096be246c,62.44675327213,0.00010321777400508199,113873.53
354,0xa9bff538a906154c80a8dbccd229f3deddfa52d6,62.41710600281545,0.0001031687702541481,113819.47
355,0xbddb01d0113401a07ffb18da356de256386a9000,62.34324314571154,0.00010304668288703235,113684.77
356,0x01702b81174e0600598cad24a1217d3b5e589cee,62.31407256522995,0.00010299846705152486,113631.58
357,0x16aea1c92cd893e112836412a9a46e50b624a09b,62.30175164145209,0.00010297810188825538,113609.11
358,0xcd2a4688e89bf4bbce80aeee3918eb432cf4baed,62.27058938641299,0.00010292659402868583,113552.29
359,0x0360314ee1a6d8266c1dfbbb5790152dca169cec,62.09584846,0.00010263776605113932,113233.64
360,0x93181d911200ccbbea4048c81bc097f6b84ecf3b,62.05374632118929,0.00010256817573905445,113156.87
361,0x76a8caf66503f04120604d056abc29f555edf33f,61.19488,0.0001011485619850011,111590.7
362,0xf141d31da1f28f74df4778e09112544b9eda6601,61.1043,0.00010099884297673437,111425.52
363,0x42fa1c3b900b237738278486f18b24ef00574214,60.790734482128606,0.00010048055286454241,110853.73
364,0xf7babf951b80d3aa0d2ac82a7fcca4d14e6fdce5,60.46445,9.994123967093324e-05,110258.74
365,0x5707ea211ac44927157a4a060fa306ad6eb4e754,60.33809486768675,9.973238821256108e-05,110028.33
366,0x8a46222bbc36aa5413b1a9e9d93b44fd0f9ab9c7,60.280206318372514,9.963670465997412e-05,109922.76
367,0x75680c3327b8cab530be7b7109aa572953aeba24,60.17989,9.947089256348812e-05,109739.83
368,0x97cd7ba50caa310bed7b7a14c36d7723f260ad0e,60.109238858454,9.935411381712932e-05,109611.0
369,0xc9f79bbbb5c4daab73b03afe50454b1625a90fd7,60.009942,9.91899867783599e-05,109429.93
370,0xa171c9231b9ce5c1b6d2f89e1579876722528f0c,60.0,9.917355372050842e-05,109411.8
371,0x24f1062311c36cd4936b071c0a97cec6c6381fe3,59.9512879,9.90930378527386e-05,109322.97
372,0xfe34a2230c9d9bd1cf83354e24f844a82d7e1c22,59.79352902,9.883227937339581e-05,109035.29
373,0x3b469cf310092c744a5e8811b9d66f03f7870f38,59.699939,9.867758512545959e-05,108864.63
374,0xf01109c10b4286593379663c3f9741f87d52c5d8,59.66434585135762,9.861875347481014e-05,108799.72
375,0xbf5551ca12ddaf15f62772bda61debd28c8eb5a9,59.55636920264781,9.844027967528708e-05,108602.83
376,0x9bfc67b71f2c5fb6c96c3fc40c5db57fd1ff56cb,59.5,9.834710743950418e-05,108500.04
377,PancakeSwap: ETH-COMP,59.323560354251235,9.805547166140264e-05,108178.29
378,0x4ede6be7225419a6b918826176698a89c69cb502,58.9983,9.751785124114453e-05,107585.17
379,0x66ba4ef8fa98eb0989df17afff10d56e7bd2b4a3,58.6041429399,9.686635196824211e-05,106866.41
380,0x7ab3ddca432ec218c64633e03702f2606abbae54,58.269462191138125,9.631316064796617e-05,106256.11
381,0x1e0f7f4b2656b14c161f1cadf3076c02908f9acc,58.22819879156724,9.624495668173227e-05,106180.87
382,0xf8f181d466d44974257f9ccf0ce8398b7e059054,58.21623308226919,9.622517864983438e-05,106159.05
383,0x85fe8246ea7f3cb0b55b3398bb7c492aee429416,57.59221432287708,9.51937426838814e-05,105021.13
384,Wormhole: Token Bridge,57.35441497359906,9.480068590820931e-05,104587.5
385,0xc7fbb161063f796c50cf1bc23c16692f67e3168b,57.01403427,9.423807317497922e-05,103966.8
386,0xea1142a037534144c256fe66ff9d8966febc3a0b,57.0,9.4214876034483e-05,103941.21
387,0xa50b9c5db61c855d5939aa1a66b26df77745809b,56.95723373764684,9.414418799753454e-05,103863.22
388,0xaa472508e8d24ee99e5d1f349d3e1c08f0458c36,56.932191376739034,9.410279566545491e-05,103817.56
389,0x319f485bc932772e9d923a0f0b00a98317e60961,56.89939479,9.404858643117469e-05,103757.75
390,0xd65448affe1475f101378a744a62c00f04cf50d6,56.87642072132709,9.401061276394615e-05,103715.86
391,0x9c64686a379c0dcbb20560a39abcf03aa11b3191,56.36,9.315702479479757e-05,102774.15
392,0xb1a7826e3d67e64a99db7b182794e2ead1c280e8,56.30553694114361,9.30670032099096e-05,102674.84
393,0xf8f8d66554a2588873eda2515a3c7e69e1ca1f93,56.190314828106175,9.287655343629114e-05,102464.72
394,0x07e7c0b6089c2c3962b616837738e6529a47dc3f,55.99716129,9.255729138982982e-05,102112.5
395,0x3998944efc193e14edc95da5deb723480fff8004,55.83445788573472,9.228836014310628e-05,101815.81
396,0xf9a416fdead4a9b7c32eb9d452f8e3428651cf99,55.4325675431892,9.162407858516976e-05,101082.95
397,0x387a1a88f9f14b2c24bed10a5771316d56b59fea,55.413887234333394,9.159320204160597e-05,101048.89
398,0x493144718a78dfbef79f825ae71b29134b5cf60e,55.30488428664662,9.14130318801375e-05,100850.12
399,0xeb8db6bb2325807e8f447971f862990018d55d40,55.187171985852565,9.121846609369811e-05,100635.46
400,0xe51829e509a9d4c4753eddd1e0de55acde42a025,54.6664562,9.0357778844342e-05,99685.92
401,0xdd313f7dc7df178fe58757305fcd4844e6d9879d,54.5005510106748,9.008355539090777e-05,99383.39
402,0x49350d423b47a0232fd527ca196b356e4680f713,54.48172791407378,9.005244283454198e-05,99349.07
403,WePiggy: pETH Token,54.029397166908176,8.930478870698421e-05,98524.23
404,0x22a5d28c413a4a8eb93f46899302d7c189e96eef,53.968181739196105,8.920360618183877e-05,98412.6
405,PancakeSwap V2: ETH-ETE,53.94057681530987,8.91579782084724e-05,98362.26
406,0x03517ca4c51367e45563f595b4a6bf110ca51271,53.90799469,8.910412345589329e-05,98302.85
407,0xc09a9a0533a0b247c8bb672b2d37cd2c58394768,53.690094681441096,8.87439581524847e-05,97905.5
408,0x16751ee7a4d3459d1354d29b44ae6bbe7a474091,53.53283058653964,8.848401749975108e-05,97618.72
409,0xf18b22aba0f370e544248aa66d038c30210f020a,53.44919919,8.834578378646033e-05,97466.22
410,0x2380e45eb243f685424c056543641fde4f8c7635,53.41148159324162,8.828344065132157e-05,97397.44
411,0x7ec362402775a45d2357cd6bedb6d2f830d8fbe8,53.38093358,8.823294806745036e-05,97341.73
412,0x4a2e0bc683cb55c998c504f00ee622581fda8204,53.24429568958293,8.800710031469145e-05,97092.57
413,PancakeSwap: ETH-BETH,53.24300610310302,8.800496876679074e-05,97090.22
414,0x388497c7f682c64cb8eb813d5954658bca39d766,53.18634409600953,8.791131255671744e-05,96986.89
415,0xb4ceb4866a91061a52e414e9d3a8378d983b7d1b,53.142666,8.78391173567006e-05,96907.25
416,0x88491b14a5ab5f7e732ebf5b47154b2147eac650,53.10634794,8.777908750546002e-05,96841.02
417,0xd16d95ee9e79e9bf2138b67dff8101266ad9c8d5,53.09079699,8.775338345587286e-05,96812.66
418,0xbd256e798a1d84a2a07f1d0199e44b12813b2456,52.99351,8.759257851372167e-05,96635.26
419,0x61643981c65df94c596c7d3504826e6a2ddbfc8d,52.886732320872696,8.741608648210361e-05,96440.54
420,0x63fc43d4874f314d3f519d9406415dc91c5b11ec,52.85581392075214,8.736498168851515e-05,96384.16
421,0xe30769dd40cea63e88611a2f3f6f14c3a46792ab,52.34203630035927,8.651576248124136e-05,95447.27
422,0xd5d7915bf99512f76b200729d2ba3e62b03ddcfe,52.20934779760998,8.629644264198302e-05,95205.31
423,0x80c67432656d59144ceff962e8faf8926599bcf8,52.09652498204748,8.61099586493149e-05,94999.58
424,0x50be13b54f3eebbe415d20250598d81280e56772,52.02140237045427,8.598578904337384e-05,94862.59
425,0x9adec7fa65cdd29de9e22c339460dffa41c03f05,51.66857192,8.540259821616787e-05,94219.19
426,0x60d07e85b82da6dfb79e77765db8018d08b4d277,51.44385002,8.503115705913746e-05,93809.4
427,0x1070987db41a61acfacf5954de6fcc83e6b25dcc,51.41307574,8.498029048062428e-05,93753.29
428,0x041f81c5ceddd59b44b1a6731fa9d097233dd417,51.367428,8.49048396707058e-05,93670.05
429,0xa2b50ba2bc8216b2af8358cfe7c2a0cbdc5fdc2f,51.36469123482818,8.490031609190934e-05,93665.06
430,0x3a1858d664001923894e93231fc1b2a92d06178f,51.22241892067457,8.46651552420651e-05,93405.62
431,0x77341bf31472e9c896f36f4a448fdf573a0d9b60,51.19400009941888,8.461818198379053e-05,93353.8
432,0xaa90469e169b88260269b226a20ecf0a75615ef4,51.00677,8.430871074507695e-05,93012.38
433,0x2d16eedbd2ff368a3b5168f08617b27f23f2a19d,50.99987,8.429730578639909e-05,92999.79
434,0x15222ebc2de0f02638f91b0140bb9751d1d99fc2,50.94890522362856,8.42130664866103e-05,92906.86
435,0x24f72d3cc8d8a60117eb3842137b2ed5bd77a2fc,50.94842268970709,8.42122689098806e-05,92905.98
436,0x0ddf35e107b6014b5577e87e3bbceca74df3e09a,50.927817230433746,8.417821029951091e-05,92868.4
437,0x89b585df208c727829232d892a50806c3a20a4e6,50.82359134906008,8.40059361154196e-05,92678.34
438,0x9ec09cba6e3decb5813cfc7d02f676689814e84d,50.69582961,8.379475968721792e-05,92445.37
439,0x69aeab3964f40b5e494a4203ed4c19e4a5a1bde3,50.612768144282505,8.365746800834397e-05,92293.9
440,0x1059c60a2607f781c71ae6dd58d8d82a74ba1546,50.57216702630156,8.359035872242403e-05,92219.86
441,0xe2e35b2b36d805ba79ea8de9b5b2464ce32974f6,50.531956,8.352389421613946e-05,92146.54
442,0xa66b86e21277d4375a88f473e3a0eea29f9daa17,50.42605471,8.334885076159136e-05,91953.42
443,0xf8dd6caebeefcc7a8a82081e5bce04a79a1ee812,50.396338550896495,8.32997331432377e-05,91899.24
444,0xd10186b8c8089d84f58e4aad5f877e203e235569,50.31653513,8.316782666241506e-05,91753.71
445,0x8db13ab239fb7d6b9ac96f9882fc200670812241,50.30572514,8.314995891034868e-05,91734.0
446,0xf047be494ff7a09279494af123c13d200d819721,50.30004033824706,8.314056254381475e-05,91723.63
447,0x4f005c789aac0e62b91e1d8bea182a349f043dcd,50.2563691148082,8.306837870341886e-05,91644.0
448,0x30b0afa3c42b1258ff2b841494c987740a002e3c,50.14706,8.288770248059265e-05,91444.67
449,0x50018fc09c5ba44c927e9ec09ed5c5fe95cf4a1e,50.1346678,8.286721950538573e-05,91422.07
450,0xe382ba4a80a6e94cae84b38b241a70cd8992b7e5,50.10267568,8.281433996819483e-05,91363.73
451,0x05c45062dae66a7c0454f7a01723221158775fd8,50.1,8.280991735662453e-05,91358.85
452,0xae31fcd3c30fdbdb4f1a0c643ada998482115fc7,50.0639117,8.2750267273979e-05,91293.04
453,0x34927f9fcd7648e281aa7909014be0f2b71efc17,50.05935377705184,8.274273351703977e-05,91284.73
454,0x7fd70d633d7e2dfa45a31a8340ca7a2b6fce8cad,50.01379478,8.266742938968021e-05,91201.66
455,0xfaf5a2f3c36a1f0b02e0cd0f8ec24046779f0334,50.008757481238845,8.265910327602529e-05,91192.47
456,0xd0efa28cde2bfc07469cf044ea06edfce64e48e9,50.000883,8.264608760455593e-05,91178.11
457,0x5cb0e6d1bc7335fc64982b8a3081de94535d9120,50.0,8.264462810042367e-05,91176.5
458,0x23d11438a1ff7add740d5b8b86124319cdafb592,50.0,8.264462810042367e-05,91176.5
459,0x656b810cf085093b3a018ad9d3e533b803bf829c,49.88973280620884,8.246236827597272e-05,90975.42
460,0xd508db109f33ff9874be7c2fad3ba9d972da6b68,49.84132846281128,8.2382361096802e-05,90887.16
461,0x2fc617e933a52713247ce25730f6695920b3befe,49.80528489537173,8.23227849522729e-05,90821.43
462,0xef575087f1e7bec54046f98119c8c392a37c51dd,49.67044871918469,8.209991523956369e-05,90575.55
463,0x83cb18af6720b54eed859a0245a32de778fa4d56,49.49639353264246,8.181222071634903e-05,90258.16
464,0x93d318ed790b6f07849aa88f7a1b7205747c7e1d,49.36750954896815,8.159918933837175e-05,90023.13
465,PancakeSwap V2: ETH-BCDT,49.12709409820903,8.120180842802008e-05,89584.73
466,0x54d6a18cbb82a9c274253744f37d5c3cc06dffd6,49.09673155,8.115162239792176e-05,89529.36
467,0x50c8b7e03639a421c4f6069708c8348bdbb53167,49.08848896659033,8.113799829311218e-05,89514.33
468,0xb467cc451851ef7ecc91bd4d5da6ede338e48bf6,48.564455724839334,8.027182764557677e-05,88558.74
469,0x6253010cbc87847d042aaf49c272f06a1b94f21e,48.33647617836384,7.989500194891735e-05,88143.01
470,0xcd8d9840685518aa0bc14928c5171a6e3100b779,48.07895891880778,7.946935358600834e-05,87673.42
471,0xe1ce9e98036fa7b35720d62373c57a095d278ffc,47.9876292217166,7.931839540899584e-05,87506.88
472,0x879a1beb7638d13a8734ec0c11ea8d14d1918f65,47.71689624,7.887090287722609e-05,87013.19
473,0x5905666fc2fe3382977d15ad6b6dabb745daad0f,47.64069381,7.874494844747213e-05,86874.23
474,0xb7fa2214c79cabc24cb270f57d52b83a2a7fedd8,47.525029026536046,7.855376698719823e-05,86663.32
475,0x1aeb024d15508f39812d8a53744224a781262d8c,47.27022,7.813259504250419e-05,86198.66
476,0x9ade1c17d25246c405604344f89e8f23f8c1c632,46.897726239065655,7.751690287566125e-05,85519.41
477,0x81fb9998bcb79185f398876ec4cc83b8a6a314c9,46.79398525,7.734543016645921e-05,85330.24
478,0x7ec0d36853fc972dd258e87370ae7c28129b9541,46.7148946569699,7.721470191351494e-05,85186.01
479,Kucoin: Hot Wallet 2,46.71246544965735,7.721068669481644e-05,85181.58
480,0x047fc07df7bb55ae27afdb69dc643e712826415b,46.7118736,7.720970843091998e-05,85180.5
481,0x806d53aac852c1f233d62947b7d9d867e0caee1e,46.66076253715536,7.712522733530771e-05,85087.3
482,0x61837a8a78f42dc6cfed457c4ec1114f5e2d90f4,46.48300221007265,7.683140861285252e-05,84763.15
483,0x1aa4bdb03f27b08ad203aa083e88eb425cedd330,46.408309238598704,7.670794915586893e-05,84626.94
484,0x33893158b31f6cd8c92cee03d03d478a94535f86,45.82585627078101,7.574521697764329e-05,83564.82
485,0x295d84b490a75ec6237131c82913811c3b9e20b1,45.82585627078101,7.574521697764329e-05,83564.82
486,0x17fa1b5935e9b3d48d2a2faae855c0be3802a1eb,45.82585627078101,7.574521697764329e-05,83564.82
487,0xc74b209fe38eced29105c802ffb4ba280895546a,45.801576397749656,7.570508495610326e-05,83520.55
488,0x4e9db1fb7c7e68d0ccd9d497681abc70ae49c803,45.73097926,7.558839547221777e-05,83391.81
489,0x39467581d3ea7288a70abab134d61f39eed05924,45.54154502223292,7.52752810296228e-05,83046.37
490,0x09df8c896d47197de7f3c127626090c68fad0226,45.387685197591,7.502096726988025e-05,82765.81
491,0x6a3d19736f03b748bfbdabadef741a9e6de745fd,45.37203893052827,7.499510567142907e-05,82737.27
492,0x9a4ad20cb94cdeaba085e313066367298e9ea6f4,45.34754356,7.495461745567925e-05,82692.61
493,0x61ccbbc868b2e950564cf2679f12bfe1c881676d,45.099944,7.454536198459868e-05,82241.1
494,0xe570f9cce912dbf88e05c1e41c92652194a3cbef,45.099888,7.454526942261521e-05,82241.0
495,0x35cbd1305b2cebfd14b6c373565076893e37ac6a,45.019876,7.441301818294378e-05,82095.09
496,0x16649d4e4769617f274c745048ed528acabdac74,44.999802,7.437983801765404e-05,82058.49
497,0xd8da6bf26964af9d7eed9e03e53415d37aa96045,44.81235218063242,7.407000360547153e-05,81716.67
498,0xc884bcf9cdf06ae3abb424650a9c4f49a2536fee,44.47810622139846,7.351753094557233e-05,81107.16
499,0xf1c78326bb68d91da8b47fc2f26b5e865248ef14,44.425634,7.343080000111076e-05,81011.48
500,0xf94213098490e0df1db049cf3f0f887738a84295,44.42022918,7.342186641433375e-05,81001.62
501,0x332bc1642fa4e7876affe940b166469ee37e86bb,44.34093698267951,7.329080493115741e-05,80857.03
502,0x527d129592f796079d8790460bdb540b7a0ba5a0,44.3268404064463,7.326750480515176e-05,80831.32
503,0xf2eb18a344b2a9dc769b1914ad035cbb614fd238,44.22753405158676,7.310336206984423e-05,80650.24
504,0x3884f2f111613cd12c5cfd2025fb4c34f9e42c7e,44.21551222403896,7.308349128050874e-05,80628.31
505,0xf4accf68410b11cd5b411b5dcc7ffca994eff2b9,44.113788,7.291535206721866e-05,80442.82
506,0x61fe209e404166a53cc627d0ae30a65606315da7,44.017150482343254,7.275562063307285e-05,80266.59
507,0x572ccc1d5c7436e60e4da5a56541d1a2fb0a203c,44.0,7.272727272837284e-05,80235.32
508,0xa2b83c1afbcd172d60a16916af8e201fd8187451,43.8636439,7.250189074489835e-05,79986.67
509,0x84ec97b311e32a2908e0df4e1ceb82e00f766b16,43.7962904351154,7.23905627037651e-05,79863.85
510,0x38048f714b54fec25996bf0ef411b1139b76ed0c,43.6900859,7.221501801762129e-05,79670.18
511,0x4c30e91b7afe3a546528a751b4fd6415473930b8,43.669632,7.218120991844721e-05,79632.88
512,0x2f7ac9436ba4b548f9582af91ca1ef02cd2f1f03,43.66872844362744,7.217971643683965e-05,79631.24
513,Connext,43.21146863022604,7.14239150923631e-05,78797.41
514,0x76fd58d66f3f4231d0e4c40618ec6e3ba929f52e,43.08601861,7.121655968702767e-05,78568.65
515,0x4c2e95fb6ed9b8f001a33376ae4fbee52f6fb480,43.07756676,7.120258968702747e-05,78553.24
516,0x68a9857b0e540e5a800151d3e4a33037191a5dc4,43.057002661845345,7.116859944214321e-05,78515.74
517,0xb181b3ca7aaec10ad8f624d6e14b4d87b4aff79b,43.01944717,7.110652424900947e-05,78447.25
518,0xa62eddfa8ece266a261c51c18d7ac0e92629c148,43.0,7.107438016636436e-05,78411.79
519,0x3bafa626553e3653c16ae84f0d1a549b70bb7880,42.9598321,7.100798694322286e-05,78338.54
520,0x289b1675ced607f17c91b750a9d16eafb331ec92,42.8,7.074380165396266e-05,78047.08
521,0x19e38067cfabac589d2852d07d41bf9ee05ac688,42.651463389499995,7.049828659528125e-05,77776.22
522,0x4eb3a271a42bfa2d47ffd5947f503067ed6093cf,42.63042824183657,7.046351775616763e-05,77737.86
523,0xe8d13e864d68086c64ade5a2e49458134b6b06e0,42.40681431,7.00939079514735e-05,77330.1
524,0x9b5985974f25c9b81d882fc0bfcf1c0aaa367992,42.372900632659096,7.003785228644637e-05,77268.26
525,0x1557c9501318fcabfd79fe132ffd879bbdf09346,42.32747778857633,6.996277320531669e-05,77185.43
526,0xfdb403160fbd1a2a7a31efb84c76c5c271961e4e,42.28117663418,6.98862423716026e-05,77100.99
527,0xc6be1d273bfe9d221ae4bb6243d552f4f8e7af85,42.17989,6.971882644733559e-05,76916.29
528,0xe5e7116ab49666e9791f53aed4f5b7207770879d,42.15677362259379,6.968061755906028e-05,76874.14
529,0xc90663d417ed1af7ca184be7891a1d0914763cd2,42.14528685190986,6.966163116123532e-05,76853.19
530,0xf8cd17784f425120de2f0d65756d8a707c13d040,42.038352302933006,6.948487984060975e-05,76658.2
531,0x58c38eee0fa6eaf1844fcc14864ce38245420840,42.02789572,6.946759623245576e-05,76639.13
532,0xc6c80b213db7999ed63ab5536b0bf01bc3e2a85c,41.99899283,6.941982286055421e-05,76586.42
533,MaskEX 12,41.78410232632,6.906463194537529e-05,76194.56
534,0xf436f8fe7b26d87eb74e5446acec2e8ad4075e47,41.62978475574041,6.880956158077706e-05,75913.16
535,0x521dd6692951ee4451b92ef78a664203fd9f09d5,41.6025457,6.87645383481476e-05,75863.49
536,0x485973188a14c4e8f58e1f8bee4648ea79c996e1,41.584575049480016,6.873483479356867e-05,75830.72
537,0x7c0629bbbaf7d68ffaa393e3fedc9b633679fa5f,41.521003948461704,6.86297585935368e-05,75714.8
538,0x96e5754c0f61f3b23bc63818a7b503f2a73bbdfb,41.520942771717834,6.86296574749519e-05,75714.68
539,0x7a899648c6f68edcbfabb2402b356e3fffe6e44e,41.42322581,6.846814183574642e-05,75536.49
540,0xfea885a8851ab1e68712f0b5a4bffdc24d6cbe18,41.26231654261062,6.820217610452028e-05,75243.07
541,0xb8585199c9c12e99874b6f412d27dfe1de86643c,40.999933,6.776848429854576e-05,74764.61
542,0x8d398c693587ea540e24b8b161964763061a7ee5,40.9483815269749,6.768327525222198e-05,74670.6
543,0xc102ac43c01c5d427e906b7b6caf6639149b31f1,40.91790896062543,6.763290737395765e-05,74615.03
544,0x5993c4f937bc6ef8d2b3fe3788f13cd0eaa8d62e,40.90900934,6.761819725722117e-05,74598.81
545,0x67898134d5d32bd345e795be37d3e1f7e3603d34,40.89766914,6.759945312498948e-05,74578.13
546,0x8b2fde33dedfe3bb1c4fc988a3c0fd1d067a54e3,40.86082714,6.753855725721996e-05,74510.94
547,0x6df0b85ab4b685cb3af6e9141f061ed1da1eb485,40.803421,6.744367107540035e-05,74406.26
548,0x7c93304f211fbb69258dbd2d9c04a758eaf945ae,40.449433,6.685856694316009e-05,73760.75
549,0xf903b59c81780b110398c4e1b20de518e4e6e095,40.22857945691807,6.649351976450676e-05,73358.02
550,0x365b2da7fe0ae1897b80189c37f56642028a7951,40.11664751360038,6.630850828794578e-05,73153.91
551,0x43562f4239991fc422516ed927278162968fdd80,40.08913814285888,6.626303825366163e-05,73103.75
552,0x25f5d4f86b7b9db275d584e378d5b379d7913dd6,40.00585507238864,6.612538028594014e-05,72951.88
553,0x8138106e6430241d3c04375d48a0f9a862727bc9,40.00364991714914,6.612173540124671e-05,72947.86
554,0x46473d1cfd38ef471631954984b158037cbfd2fe,40.0011138,6.61175434720745e-05,72943.23
555,0xd8e1132e33d7e1afc39ed7f9e9be5becc4ec5d5a,40.0,6.611570248033894e-05,72941.2
556,0x57b3ab6d363c4b5528bc04e2c6ae6ac047c42b3d,40.0,6.611570248033894e-05,72941.2
557,0xaf3e59efcbfa037130f19235caf8a8f7055ae11b,40.0,6.611570248033894e-05,72941.2
558,0xf06132e97434583c860d1502554ab2bcf29c3318,40.0,6.611570248033894e-05,72941.2
559,0xa741f516f6936d4be5a217d4cdc7156c8e1901a3,39.999915,6.611556198447118e-05,72941.04
560,0x5c568a08268641ebadbc29939fa22eff6aa02fc7,39.999888,6.611551735637199e-05,72941.0
561,0xee6b445937675695422811616f297d370828b394,39.99944492,6.611478499273562e-05,72940.19
562,0xb8d7b5a245f0080814f19dfe58037072315b7d19,39.97738498893519,6.607832229676018e-05,72899.96
563,0x63148c467d43dc821f688721eeee74c6dfd0e65f,39.96180746,6.605257431504874e-05,72871.55
564,0xc47a498a60051f961a3cfe38ecb652edf009da19,39.95004125110343,6.603312603588055e-05,72850.1
565,0x4ca64c73bdd41a4559d63859f2196081fa567530,39.81170137,6.580446507537556e-05,72597.83
566,0x2e38de8c9da6cfe1f0f1aae04d0aa17299b9c170,39.7605485126672,6.571991489796469e-05,72504.55
567,0x58e87c87e84329f9eba2b7cf0936958b7f7422cb,39.67876469101039,6.558473502745553e-05,72355.42
568,0x053f661abf26d086194540f20f312e0d90a61302,39.52630853301088,6.533274137786573e-05,72077.41
569,0x8eae0ba5e9940da7f89b95aa5f0a985712e5f203,39.29472055,6.494995132329651e-05,71655.1
570,0x7b4fb53841fafd2c7944dc5205e2c144c59f42ab,39.26949508804195,6.490825634485282e-05,71609.1
571,0x151409521fc4af3dbace6d97fd4148a44bf07300,39.172863083005986,6.474853402247691e-05,71432.89
572,0x19c5cf17207b30b23761d374b297da4c80e45c44,39.13375482756404,6.46838922779438e-05,71361.58
573,0x9a3c87b9ce802390c9b3c88c7788765701a3578d,39.116464,6.465531239767222e-05,71330.05
574,0x159ba68e83aac723744dd0e50286c7f9de33d8de,39.039943,6.452883140593477e-05,71190.51
575,0x81e374e0c013d4ea5027aba97a2505efd0d08f59,39.0206650832536,6.449696708073362e-05,71155.35
576,0xf17e80948b105d0b0e32e860a51b35330643fd1d,39.0,6.446280991833046e-05,71117.67
577,0x1d168c5b5dea1c6da0e9fd9bf4b7607e4e9d8eec,38.90806535684783,6.431085183047335e-05,70950.02
578,0xe4edb277e41dc89ab076a1f049f4a3efa700bce8,38.606145046058586,6.381180999445052e-05,70399.46
579,0x581e7a8ada48dbe914f1077b7df538f657efb675,38.3681516,6.341843239765351e-05,69965.48
580,0x65d52b71ee64665bf7b1fe3dc0b159b585f3f69f,38.36468136,6.341269646376913e-05,69959.15
581,0x53fcdcc07f1edba246664f971e8694d28767ba09,38.25133537623456,6.32253477302697e-05,69752.46
582,0xbdf94730f41e11bee5e6b56f76ec4763a0f0279b,38.197038,6.313560000095502e-05,69653.44
583,0x469c31efd4012755d1ee8312658ffe9f64238ec3,38.12445443005531,6.301562715806942e-05,69521.09
584,0x289853951602e58fb9ec0cfa4084994e972c3b9f,38.02352542,6.284880234805812e-05,69337.04
585,0x6a56c50899bd9ef9546f4bd670f63fef688ba1fc,37.9385577,6.27083598356593e-05,69182.1
586,0xeea939641b882f27c0c9a2ece6b328f47f31f018,37.884367196338594,6.261878875522588e-05,69083.28
587,0x7a4341af4995884546bcf7e09eb98bed3ed26d28,37.811601,6.249851405053216e-05,68950.59
588,0x54610801d33b97bb8e6bc4dbc2de2c5a7796b10e,37.682103667611756,6.228446887302769e-05,68714.45
589,0x821ec0e32b80bb2c37b59535cef0e6dd1500e1d9,37.55568219042,6.207550775369932e-05,68483.91
590,0x4441b87d4ee13e089d1495c8eb7d6c353fe04ba3,37.46821903,6.193094054639134e-05,68324.42
591,0x8b386b71e9ee43e0db4aba040c0cc19bb30b1d9a,37.460874236886944,6.191880039248528e-05,68311.03
592,PancakeSwap V2: ETH-YES,37.429567046838216,6.186705297091636e-05,68253.94
593,0xdbf0a3ff12500488b6d52725e4ad2090194e0a6f,37.4209702815737,6.185284344155331e-05,68238.26
594,0x32a4f00d3e4d8d8207a7b59de961aa5df6bcf2d6,37.341865782176505,6.172209220287827e-05,68094.01
595,0xfb088f46bcbc8ce8f6a10c22071110c80628b3af,36.894423198583056,6.098251768453081e-05,67278.09
596,0x16e1acdbc472e0b7105565a98b01b94cbd87639c,36.89239763,6.097916963728604e-05,67274.39
597,0x6c3923f1de1831aa4b227df3da751293e42e1e74,36.72580531580201,6.0703810440260405e-05,66970.61
598,0x060d43eb595f6959a2d69af1537988856f038442,36.633285446594655,6.0550885036609566e-05,66801.9
599,0xf0db1ee0b0150b6a80cc35caa5941c48d39d5356,36.58641581,6.047341456289822e-05,66716.43
600,0xbc64d9d200bf49e3ea1f2da69a7d01da6de1e401,36.47943744,6.0296590810829425e-05,66521.35
601,0xed27ce9ee0363f58ed3c233632b6228613528f58,36.35656513,6.009349608355363e-05,66297.29
602,PancakeSwap V2: ETH-THOREUM,36.15919634177566,5.9767266681525e-05,65937.38
603,0x52da85237bccbee24b92be2e5d450f228e3e3330,36.143404548287826,5.974116454352818e-05,65908.58
604,0x0ee4b6dbd9ce4258d55f86fecfe3ad2e11166ba7,36.06797705,5.961649099263733e-05,65771.04
605,0x75c08252b9443f8ba79c3c3226732313bbb0be0e,36.04979714,5.958644155462034e-05,65737.89
606,0x018f5b0a6e201453158add79417bad552d705b2a,36.0,5.9504132232305046e-05,65647.08
607,0xb07c7cfb0f5b4dd3cbf9044248c43080a700b9d0,35.99988,5.9503933885197604e-05,65646.86
608,0x0d490117d711804605407e2cb8cf941f84d73d0b,35.94578756,5.941452489346072e-05,65548.22
609,0xf49ff3c43444f6ac5d61043eaba814827ce7f2c2,35.722484,5.904542810006671e-05,65141.02
610,0x12ba8df85018bd6eb047d93d174be6df85de044f,35.640408508525354,5.890976613068507e-05,64991.35
611,0xc35a8e70b0530d2bff51daedbcf752d8dafde91b,35.610985289299826,5.886113271047685e-05,64937.7
612,0x4d5fa1839aed8dce51c5fe3bc23f4fc08e02702e,35.585027857893614,5.881822786517668e-05,64890.37
613,0xed55d1b71b6bfa952ddbc4f24375c91652878560,35.5605206953305,5.877772015846018e-05,64845.68
614,0x82af1c9b9de61c4e2057ca4d749d3262e2b4b845,35.55893869,5.877510527361633e-05,64842.79
615,0xf439806e0cd051c9c68cf3f8738eaa0f02900e88,35.51848713562441,5.8708243200267245e-05,64769.03
616,0xba82c2a9c45f6855a0c0bee4922a31526b59de86,35.4100002,5.852892595129856e-05,64571.2
617,0x63444f510e0f1aba1302682690e3f4f842464777,35.346353156678305,5.8423724226798296e-05,64455.14
618,0xb323b45c9be6e0c143182ec20d7a51ebfc00590f,35.26273310533229,5.82855092658937e-05,64302.65
619,0x5a97a4ee677973f26842b800b36abbb8587b3bcc,35.17011159811797,5.813241586553714e-05,64133.75
620,0x18e9ee52c160a34761e3c5ea2e9baed1c0c8dcde,35.15257696381302,5.810343299891695e-05,64101.78
621,0xd9c7317ebef5c0f17e04031cfb62fb797dfb12a9,35.06576317428692,5.7959939131929495e-05,63943.47
622,0xae4b55edb9f4f8f4f5643810e3515c8f03b91323,35.0426438652415,5.7921725397969546e-05,63901.31
623,0x328c35f6da5afae744e7020c88c5e5c2fbb4e31b,34.999932,5.785112727360236e-05,63823.43
624,0x815057533c72118b1a9fea6c35214acb6c5f47c7,34.997586,5.784724958765188e-05,63819.15
625,0x9688ed27edaef6b822107fb01a7e8bf4e5771ebb,34.90834228478498,5.7699739314566975e-05,63656.41
626,0xac4523e21662a896c8fb23c56004daad97cbcdf5,34.80754986025825,5.7533140265759944e-05,63472.61
627,0x4dbb2e3c1ea912a1a91b9120c2cba802c101c2be,34.72859526,5.7402636794256727e-05,63328.64
628,0xd4da58fb67b0fdc2911dbbf5d0f7d317ad751397,34.69995519,5.7355297835578326e-05,63276.41
629,0xa783af408350d5aa7d88c4c234e83ef7ac32a152,34.6308557048238,5.7241083810491976e-05,63150.4
630,0x82f0b158c13e5de0caeb3af5604460a5d1c78f38,34.5184315301806,5.705525872843428e-05,62945.4
631,0x6bb3ee4c8ec4da83065790680fd3e91e134c8ff6,34.49081009404924,5.700960346210076e-05,62895.03
632,0x315b47a8c3780434b153667588db4ca628526e20,34.43798082205405,5.69222823513636e-05,62798.69
633,0x171cda359aa49e46dec45f375ad6c256fdfbd420,34.09409077351082,5.635386904797776e-05,62171.6
634,0x0eaab9f727ada0f3dcb1289fba5a286d43638a20,33.999944,5.619825454630463e-05,61999.92
635,0x007e75c2f664fb7c1323789feb11d56cd9a038c1,33.97818129,5.616228312481648e-05,61960.23
636,0x5ebeea6e3f60b8805ce269fa3c6fdfb122cc3be4,33.94394286323228,5.6105690683877244e-05,61897.8
637,0xa8dc0f2b848c945ccfa22329747bb601cbd74723,33.69535792479585,5.569480648810834e-05,61444.5
638,0xa5d9280752d7f78a17f4128dfc0fea0575930402,33.63912500763522,5.56018595175935e-05,61341.95
639,PancakeSwap V2: MOS-ETH,33.58796617240159,5.551729945935481e-05,61248.66
640,0x204bcca1927f3375e535dc37eddada561c96e827,33.579173,5.550276529009576e-05,61232.63
641,0xf288bf1071a95d6df24f1f1cab034e7d6e5e6bbc,33.46793304442165,5.531889759492215e-05,61029.78
642,0x5e05568b45bd67f2002c625dd22f1e3e1e4804c8,33.46011236383323,5.530597085014771e-05,61015.52
643,0x89f4323aa80b0c6aa15d65fdf4cb98b216dd1f7c,33.39702239434581,5.5201689908844614e-05,60900.47
644,0xe22c4076079b025b60d92b6e2b80deb394be57c0,33.381495006944306,5.517602480570124e-05,60872.16
645,0x049affda9ffe5634cc98b07c5e36a3900e590042,33.25606727145834,5.496870623464692e-05,60643.44
646,0xf1d7e3f06af6ee68e22bafd37e6a67b1757c35a9,33.08867906705836,5.4692031516626234e-05,60338.2
647,0x5e2995571916fe0495d987546c560bf102e881ae,33.03453162526,5.460253161282595e-05,60239.46
648,0x26c6de048f76cf26d8c9381765d4e06af37fb694,33.0027664,5.455002710826316e-05,60181.53
649,0x41d0d8d87a302527078345e1574b838b926d3da3,33.000700710281684,5.4546612745092346e-05,60177.77
650,0x4a848f44146ca6d1d6aa34bcdf3c41093def1761,32.999933,5.454534380247797e-05,60176.37
651,0x4284d38afe3e37983c8bca4c03a874c23964b92d,32.94838566809591,5.446014160098232e-05,60082.37
652,0xaa650aece26bb2ba033126df236b9257f571af14,32.93599101,5.4439654562806956e-05,60059.77
653,0xd3138a012162026158a2c8aaf2856c55b8fd2921,32.90576669068149,5.4389697010213615e-05,60004.65
654,0x88c86f521acd887f95a4dc1ebfd47bd1e15a2e23,32.8355908866225,5.4273703945651547e-05,59876.69
655,0x90eea807aaa6ad74167869f9e668693860eaa6f8,32.71323045285027,5.4071455294785297e-05,59653.56
656,0x640f34fbc94314daa37954249502081275a2f816,32.67734919641233,5.401214743290351e-05,59588.13
657,0x0230219b25395f14b84cf4dcd987e2daf5a71e4b,32.53065020892731,5.376966976763535e-05,59320.62
658,0x47d941611ac667cb7eac2a2e1fd5848c8c15bfd8,32.478764203056045,5.368390777445841e-05,59226.0
659,0x2ffdc4b94eaf5df25b49809c3e7606f46799c4d1,32.45957227584733,5.365218558072451e-05,59191.0
660,0x11797d61fd4bff9728113601782d4444503093d7,32.443097550257384,5.362495462933576e-05,59160.96
661,0xd2569073a66dfede8a19305b326e8dc7e70133bb,32.25037030405059,5.330639719758418e-05,58809.52
662,0x3ab818b09c7066790f660416014632da4481ed4d,32.00895092470689,5.2907356901142266e-05,58369.28
663,0xaae205cbda82f93290acc9ad0b2d9b3b7eaf699e,31.99989,5.289238016608933e-05,58352.76
664,0xed66938a70bf3da1b5d278b787aeee0913098402,31.73338578,5.245187732310746e-05,57866.78
665,0x8a16bd2b0e202d9708037858261ef4bd82d117e1,31.72600542,5.2439678380958515e-05,57853.32
666,0x9880e401cd1ac0be190e54ce3922938b2b6261dc,31.660188348481622,5.233088983299261e-05,57733.3
667,0x0c0497f01dd28ef72cb73f0e69ead1c6207d5907,31.6538528,5.232041785203109e-05,57721.75
668,0xdb057b29bc9219388820a438e26c561c16bca8a1,31.648759822398535,5.2311999707235154e-05,57712.46
669,0x6fe98783bdb063fa115b80e443cc6e9237525244,31.63071879935725,5.2282179834439195e-05,57679.56
670,0xf9d86c0ef53403490a62026aa698d8cd9fe14ef4,31.56,5.216528925698742e-05,57550.61
671,0xe94d336c49dd700f544d16a0285dd2fe03ae95d4,31.557656719900493,5.216141606674025e-05,57546.33
672,0xb60ee5423ddacb796d86cee448f896217aa1a90e,31.55055375,5.214967562062355e-05,57533.38
673,0xda5d96cbeac7b7d5767a1ece4100b17ff16353a7,31.5,5.206611570326691e-05,57441.2
674,0x4c2139abcaf1981d4ab0df2dfd6ee78422e0e76f,31.484684212766695,5.204080035246768e-05,57413.27
675,0x8055acf30a55ed28d8f7d24d2ba06838efad50dc,31.44762500389133,5.197954546176367e-05,57345.69
676,0xb13847837b1a03d7aeefb6f9d6344bcf6f9aaa88,31.432596439894382,5.195470486011545e-05,57318.28
677,0x796109f3d729d8f80a3aed8ec41b70026bcd6def,31.431523878725375,5.19529320317369e-05,57316.33
678,0x66da440f1de4c398392f918c5b50f8cd97ab71c1,31.37989,5.1867586777644076e-05,57222.17
679,0xafa8b835d01e426ac8f29f7080f0e48ea1d93224,31.37989,5.1867586777644076e-05,57222.17
680,0xbf266fe75a19dcaed601e13ff3d89f301c2dc7ef,31.37989,5.1867586777644076e-05,57222.17
681,0xa96ac39fe5496d9894e69a4867e15ccbf30d008c,31.37989,5.1867586777644076e-05,57222.17
682,0x4205bcf35e6e7b89e08a537f6987bd23d4735812,31.37989,5.1867586777644076e-05,57222.17
683,0x754c819122e5d9642c7df4e559159b510df7d145,31.295424,5.172797355450147e-05,57068.14
684,0x39d14959c99401c01cf4fd0c21ad83b27b34b40c,31.042239538926037,5.130948684197619e-05,56606.46
685,0x865c09e8a3201f070ed4335fb382cfc56adcdeff,31.01588388,5.126592376937052e-05,56558.39
686,0x6b83c8f16283f1e6a66a762d59635a3367b795c0,31.009931,5.125608429829599e-05,56547.54
687,0x94e638b640622e2e973529cdd9584301709ddbb3,30.98904517,5.1221562265237614e-05,56509.45
688,0x62ba78e0d0efa1ca24b653fd7b3fe1b51fb90bd9,30.98182532523214,5.120962863752196e-05,56496.29
689,BR34P: Deployer,30.96584259885702,5.1183210907975906e-05,56467.14
690,0xfad833d02d6f69a56aad467a54c2df98458d0559,30.9362608,5.113431537267431e-05,56413.2
691,0x058451c62b96c594ad984370eda8b6fd7197bbd4,30.920668380210085,5.110854277797984e-05,56384.77
692,0x6d27f2978e326b7442398c0789e5cace4b382906,30.89208464549695,5.106129693547808e-05,56332.64
693,0x62d236c5f99e4377c889bc80e3765f4ccd73de78,30.8891901591559,5.105651266053412e-05,56327.36
694,0x8513f58d57e48fd9dd1b8afffb1f354fecb75901,30.873944387725434,5.103131303833463e-05,56299.56
695,0x97edf6aeebed5bb377377148a46252f3a14ee28a,30.856906547532223,5.100315131900658e-05,56268.49
696,0x48e130085c13df2069887cb88b19c9fbd8de8877,30.84516843010886,5.098374947202552e-05,56247.09
697,0x7187eb5cf4f3f349323374a346255bbceb2cd801,30.816117385704583,5.093573121681111e-05,56194.11
698,0x0fbc222adf84bee9169022b28ebc3d32b5c60756,30.760536523646557,5.084386202332538e-05,56092.76
699,0xd286c3003a7197236bc24e6badec1274d7f47646,30.68082629,5.071210957101503e-05,55947.41
700,0x42fa341976294a0d985672bb66fe9a6ef4cfa265,30.67864214,5.070849940572572e-05,55943.42
701,0xf4292722a6da6432b9e7fb9a484fb30ae73eabac,30.6785151,5.070828942225464e-05,55943.19
702,0x88131dd9f6a78d3d23abcf4960d91913d2dc2307,30.51643962280204,5.044039607151016e-05,55647.64
703,0x2cdb9ebeba24ced4d48c63570bbb908aeb611ef7,30.448919589375574,5.032879271047299e-05,55524.52
704,0x5f8ad3653ad07eb2f530b64fb5ce96d9fedca000,30.44443434,5.0321379075141355e-05,55516.34
705,0x67a537804af79cca02fc3f375ead1e03c9bd2841,30.350511321493943,5.0166134416451304e-05,55345.07
706,0x32fb89ba7caeb9c5c48ae8956395f7d2b86eb948,30.343204,5.015405619910576e-05,55331.74
707,0x146cd24dcc9f4eb224dfd010c5bf2b0d25afa9c0,30.325098404627933,5.0124129595184535e-05,55298.73
708,0xb0d2dcb0fe683c5a332e3e63e3c5c5380a84833a,30.25059881348763,5.000098977511606e-05,55162.87
709,0x16afc4f2ad82986bbe2a4525601f8199ab9c832d,30.19114950149785,4.9902726449511634e-05,55054.47
710,0xaf81c254035ea82426663e4cf4445bf53f7e003b,30.18998015647287,4.990079364781742e-05,55052.33
711,0x5f6a4fec02333f82637a8eb9b98cb6b486679c46,30.175713776615176,4.987721285466385e-05,55026.32
712,0x9dee9c01b062f224b5e2cb78dae745111281f01e,30.128449777260354,4.979909054167949e-05,54940.13
713,0x1d29950a8ffc00f9be653a9c5d81b96cdc3101ab,30.124484258972828,4.979253596599753e-05,54932.9
714,0xfdd75c1c8d92c8a3cffba93c8fe520873399fec5,30.099791,4.9751720661909595e-05,54887.87
715,0x06cf1147797ab481cf4bdb028fe2afc3f3cdabcb,30.077751716682165,4.9715292094441544e-05,54847.68
716,0x4df1af3915a7bfa1d134c3a12d2164ee8702304b,30.065585397855557,4.9695182476546024e-05,54825.5
717,0x4e377911ed16c4abe34cd5d0870e46de647ecee6,30.061872896077045,4.968904610996988e-05,54818.73
718,0x4c5421856129a4ca017e5a59542a629585b7ce76,30.01066051618346,4.960439754816102e-05,54725.34
719,0xaf0ed61d64326e0be1319a1bd2750555acbbf927,30.00156353677081,4.9589361218553105e-05,54708.75
720,0x4300d901efba79f426ef7987bf81873547b9dd00,30.00000142,4.958677920736164e-05,54705.9
721,0xe04549c63192252d314cd847873d883408dbe4c8,30.0,4.958677686025421e-05,54705.9
722,0x3d6218f0d6257c0e24d17f9ca782c0fc3d1b3bcb,30.0,4.958677686025421e-05,54705.9
723,0xa2944e0b0cd89ea9a1f344d17a87f1206634ebe6,30.0,4.958677686025421e-05,54705.9
724,0xb90059b7d8e41d45a7501f104b9265d813e1ee8c,30.0,4.958677686025421e-05,54705.9
725,0x9dbe48e9a6bd9bb001f015d24fc088b7328710b6,30.0,4.958677686025421e-05,54705.9
726,0x50e9a0024acb6ebcfbbe6c6f3eb7aab38d37e337,29.999938,4.9586674380915365e-05,54705.79
727,0xfc1b8c175f0877be47dab2c90f33e70660a42d37,29.99989,4.958659504207239e-05,54705.7
728,0x2c6660cc288ddcf11bead15fad15165b8d6b0f98,29.99989,4.958659504207239e-05,54705.7
729,0x22fff189c37302c02635322911c3b64f80ce7203,29.999844,4.9586519009014534e-05,54705.62
730,0x11f2e9d3a8e9c652b075829a95faca14eeb93c6b,29.947539985655165,4.9500066092740774e-05,54610.24
731,0x555ce236c0220695b68341bc48c68d52210cc35b,29.94662695674845,4.949855695405196e-05,54608.57
732,0xcbe01be010972ae18266cf95671da4b2d9ed0854,29.882461898939603,4.939249900725888e-05,54491.57
733,0xcd63634e76908b86fafd63bed6600e9cc3a4ae3f,29.825798277000345,4.9298840128019014e-05,54388.24
734,0xe615b18b683063d55fbf0786b60f5df29411e6e0,29.81773358383319,4.928551005666814e-05,54373.53
735,0x29845585a15a1c636a59631f73a8f0c2d482077c,29.81535671,4.928158133958843e-05,54369.2
736,0x4417ea88a6a5db1f606ac3ba80a97c61e7ec60bc,29.796030030472654,4.924963641474936e-05,54333.95
737,0x4471fcdcef5f27bcd276b4f45a6e0a1314ad4cf1,29.75960338,4.9189427075124234e-05,54267.53
738,0x5a098c445c4b6b58f89edcea5ca001e74304879b,29.69852194,4.908846601727146e-05,54156.15
739,0xfcda103ea6155819b0adb418986904c2234f5ec5,29.69332541,4.907987671148621e-05,54146.67
740,0x8eef3e2f8d0fa0369247a6d4ffec1f965959dfd9,29.609310847962895,4.894100966679468e-05,53993.47
741,0x0a1e6d541b03eda12cc409cf959983c314069518,29.572038121929037,4.8879401855167534e-05,53925.5
742,0xcf7b53edcc91848fbed45b62793d93b96af43a10,29.5496,4.884231405032559e-05,53884.58
743,0xad5f37617fde99991dabf132dfbcc99facc95d38,29.536126179599783,4.8820043272804234e-05,53860.01
744,PancakeSwap V2: ETH-jut,29.409858193464053,4.86113358577007e-05,53629.76
745,0xebfa3e86fc3ad9746ab218b34e1dd46379153133,29.406897737402904,4.860644254189707e-05,53624.36
746,0xd6d21cd77042413d1422786016602c75c3bbd379,29.392860331310917,4.858324021777773e-05,53598.76
747,0x59f521e1c6bbcfc504b8f2ac536df4dc483bae98,29.376780071671348,4.8556661276224324e-05,53569.44
748,0x219ad6cf2b701a166bf1681185a3326409e43ef7,29.21493146,4.828914290982135e-05,53274.3
749,0x1a1d8632c14a7ac1f4cda01bcd21ab2b00cf6369,29.145459284052624,4.8174312866931394e-05,53147.62
750,0x7a2b82c0267ce3d4695bf96061ab84a9422701d2,29.033261875415672,4.798886260471875e-05,52943.02
751,0x09f6c08292e545d25051c3e3b47303408ec7a478,29.028931086523826,4.798170427597179e-05,52935.13
752,0x0b6d9f90543f9654687b536d73aaeddf3169f195,28.9999,4.793371900898953e-05,52882.19
753,0x91ffacdd2497f33c6c607b61654aed291bd8cd39,28.956615169276372,4.7862173834238654e-05,52803.26
754,0xcf5ba7c613294fbef368289b1a18ab59c3d3203a,28.9408347,4.783609041394673e-05,52774.48
755,0x7643fc862a333b0882d0a61de35b2f641a23f6cc,28.888862,4.7750185124689235e-05,52679.71
756,0x6b858c26ec880cb69698537ecf5eb5d0666b381d,28.8805839070145,4.7736502326365886e-05,52664.61
757,0x146325685f0366e8b2aab22f3ebc562b5cddbc50,28.84322518,4.767475236435752e-05,52596.49
758,0x4b0073a79f2b46ff5a62fa1458aac86ed918c80c,28.8,4.760330578584404e-05,52517.66
759,0x6cf1ca12040bcb75f0bd88777299266261412e27,28.7914197,4.758912347179423e-05,52502.02
760,0xc1520e2a5de4b5b8f1bbf6576cab6fa1b8380fcf,28.774330427159047,4.756087673982529e-05,52470.85
761,0x6addbd76f4b9889076488f18adb418081caf3ab8,28.756,4.753057851311567e-05,52437.43
762,0x1dc2edf19af942180276ae752ea38cf786f1830a,28.742657597981008,4.7508524956059145e-05,52413.1
763,0x0a99fdd40008aa2da91e8f5e1342c7e957ee3b39,28.73224685,4.7491317108156394e-05,52394.11
764,0xe04d0c027fc7ebce4a4f56533ae115bb5e8fcbc1,28.699939,4.743791570319691e-05,52335.2
765,0xf1025ccb853186676b9693fe0de2ea4f2f395c93,28.652804372975634,4.736000722877529e-05,52249.25
766,0xb7bf505e95b9acc6963b289a58a08541c75dfbfa,28.621294344358507,4.730792453684537e-05,52191.79
767,0xe369a7677ebac4c187db8e19f0629cd5fc8862ac,28.6,4.727272727344235e-05,52152.96
768,0x12c57d675c728226bd4519d79d3fc7f09dc648d9,28.57998221,4.7239640017243494e-05,52116.45
769,0x36992433887bafbfc8ad45c7484150cf87297575,28.42185906310773,4.6978279443863885e-05,51828.11
770,0x82dfda8fb24d812d9999f26b4c86acf16a07507c,28.3061323,4.678699553789781e-05,51617.08
771,0x177a03bf15354771c8e61b900cc59b233d98fda2,28.30062851531736,4.6777898373132975e-05,51607.05
772,0xbe8df4ad9ba21646b3ebd5e4652573ea6ec11a21,28.256381836859397,4.670476336741623e-05,51526.36
773,0x101006bba2206234c82b8778cbe2dd2b685aec58,28.214890605136386,4.663618281911269e-05,51450.7
774,0xfb3a46b342c8a358343143d83fb3f7fac1848e6d,28.130344985307957,4.649643799294788e-05,51296.53
775,0x37baf7a217bd56ae2d8189b012362c552e2a440a,28.0378753,4.6343595537891096e-05,51127.91
776,0xf9e782702e97793be1119e99120f266b5d47bcf6,27.91200225636593,4.6135540920310975e-05,50898.37
777,0x9876525a29c3b199b64237ea2be09100bbee118c,27.80166881153205,4.595317159000428e-05,50697.18
778,0x3eb92b05ce2f409d9d227830cb8c3fb3507fe1be,27.78122231,4.5919375719702866e-05,50659.89
779,0xb1567635a6369995319b5a9b6ee9ae0e45dc0349,27.7492033,4.586645173623099e-05,50601.5
780,0xb41b669392b9b0880f81251501ca6d7ca389cbe4,27.70814726083856,4.579859051447552e-05,50526.64
781,0xcaca8aebd2ae3a304a67479a60b2c730901eaf19,27.705782,4.579468099242825e-05,50522.32
782,0x68e6225f60aa6f3e1aa9f79ca1e8dcdaae18dece,27.65142705,4.570483809986491e-05,50423.21
783,0x0ac4cfbcc7dee4e7137f8af0b94ec725505fb227,27.606142872165094,4.562998821914492e-05,50340.63
784,0x29d79afab8c186469a8cad5da2484871c9bf4169,27.52077153,4.548887856267156e-05,50184.95
785,0xc18907269640d11e2a91d7204f33c5115ce3419e,27.519307865700096,4.5486459282836966e-05,50182.28
786,0x6eeeafa18f7e764234affbe2a29c24be76184f46,27.341771655466413,4.519301100145454e-05,49858.54
787,0x06c3fe20ba4e8abbdf04e77cc03a4d57386b6752,27.28279184,4.509552370316148e-05,49750.99
788,0x2a64c6e02d09d6e9f8e36b6bba47106f2d580e59,27.260497102593938,4.5058672897531066e-05,49710.33
789,0x30817dd508c7128f805269006e93527aafb96df6,27.25297362376232,4.504623739532985e-05,49696.61
790,0x8d6be948f96fab8635ffa3bddd593850dbbf2a86,27.238156861327976,4.502174687890908e-05,49669.6
791,0x2139d7a32bca76648f19e405ff527c2e2c2f23b1,27.22931408,4.5007130711424606e-05,49653.47
792,0x68bc77ada95488ca8ae3e1043fcbec1482b16271,27.21623697659678,4.49855156644768e-05,49629.62
793,0x4a1e8217acaf4e931a143bb74e1c6b46f3f6d856,27.214745,4.4983049587457295e-05,49626.9
794,0xa0ffc7edb9daa9c0831cdf35b658e767ace33939,27.148731672376815,4.48739366492355e-05,49506.53
795,0xe148603fd7295118340c1325f26b16d5d0b4dfd9,27.14600205092329,4.486942487823787e-05,49501.55
796,0x2b05c0268a30dc14239835b2da0be1c88582d142,27.09337901569193,4.478244465471365e-05,49405.59
797,0x722b671b74da5e1839f4b85441c7510779f559a0,27.07553004487966,4.475294222361854e-05,49373.04
798,0xf58dff6ef5d21b9500bbc2f0f8f3758c6f936065,27.07056047242175,4.47447280542665e-05,49363.98
799,0xb62afbe36b1c6d10ccfb5ab0d73eed2d34ea1996,27.06,4.4727272727949295e-05,49344.72
800,0xddc64b17b3f6a99233a310481dd166bcb63285bc,27.009939,4.464452727340259e-05,49253.43
801,0x7f5b5064e7cb7679dc16a9a1cf96db8ce21dfa30,27.002508671954338,4.463224573944263e-05,49239.88
802,0x9319f0c091067e8263aabea236e660748fcbe272,26.882618745070946,4.443408057103733e-05,49021.26
803,0x9e0816a71b53ca67201a5088df960fe90910de55,26.760973809485286,4.423301456180179e-05,48799.44
804,0xbaeb282d62d592b7bdcb9b90b1509fb2d8388100,26.74835583,4.421215839736299e-05,48776.43
805,KIPS: Locked Wallet,26.718266345211312,4.41624237117611e-05,48721.56
806,0x59823d385ba7aa3b948633e28a07ecad07831673,26.55533222984082,4.389311112436778e-05,48424.44
807,0x838ec1215598ec636938da625c29d58c826bf3e2,26.49217338024584,4.378871633164723e-05,48309.27
808,0x4dca94636b781cc9f222bbe0fb59d5a297dd958a,26.484438094847068,4.3775930735946586e-05,48295.17
809,0x5c42ef25ea30c78239f0773f883e0893cd41450c,26.4807432,4.3769823471736465e-05,48288.43
810,0xebd2b88d5b08d4d9343441f35e7ba81d937e6b27,26.48,4.376859504198438e-05,48287.07
811,0x832d1cccc2da8c0895b7cdc3efa1497f2d0a4f34,26.464340353503715,4.374271132876699e-05,48258.52
812,0x180f8eb97e53d44971ee9bf11f00911805fa3aae,26.43760129,4.369851452958662e-05,48209.76
813,0x9a1fc00a6c73fff531c62061fbea47f2327d29a0,26.387620052876557,4.3615900914505305e-05,48118.62
814,0x5de4c0980bcf4f78b3912eb9ef2e3be6c61fb7e5,26.307537762694253,4.348353349271437e-05,47972.58
815,0x40abd67634b0b20eecfc50725084d47729de610e,26.27560000000002,4.343074380230988e-05,47914.34
816,0xa74150cbbdeb7486d44cac3775de1e4afdf9bb68,26.27082584434834,4.342285263594335e-05,47905.64
817,0x45427a1cdd5c17ce1d2f39e6ffd6d6bcc600164a,26.216048213278736,4.333231109698395e-05,47805.75
818,0xac0356a99e8e712812c38f9b97beb2735d8b8727,26.19926588,4.330457170313438e-05,47775.15
819,0x052109c44a6fc978d121cef9543e64ec8b9129c5,26.196304,4.329967603371283e-05,47769.75
820,0x0b76c60284bf506bf4c50e17dd337cf4812a5dea,26.04607527,4.3051364083295845e-05,47495.8
821,0xcc42ca560e0af4906e57002fee0d1316caf77379,26.006304738808804,4.298562766810279e-05,47423.28
822,0x8b42d956884d0c197dbe4079afb3c71590b664c4,26.0,4.2975206612220315e-05,47411.78
823,0x8e59eb06c1b413f644edb91d928087ebdde7d086,26.0,4.2975206612220315e-05,47411.78
824,0xb6b6eac9cb2e13a99fd71d9b796de3db14efa021,25.98955211,4.2957937372550635e-05,47392.73
825,0x1dd01b0af20f021ece4e33d939a3741f2b47fe60,25.98031629,4.294267155436858e-05,47375.89
826,0x0b4c6a8d17930975de09eeba85f8d08374389823,25.96864886,4.292338654610382e-05,47354.61
827,0x957d53722e2ceac44703bf8f68d157cfc73bcdca,25.91763880467242,4.283907240506523e-05,47261.59
828,0x3b30f4cc0347130634b880feaae9908a9d43d623,25.8877795,4.278971818246544e-05,47207.14
829,0x173046dd0b9f8d3a996d0bb655c9cad92d4f6c47,25.88073795,4.277807925684543e-05,47194.3
830,0xfd297cc46cae48408dc49794744900bc19e3b79d,25.8779861,4.277353074444867e-05,47189.28
831,0x75cc2e5bb5a348c2794db54ece6eb62f76ac13b4,25.87,4.276033057915921e-05,47174.72
832,0x5105e5c05ea7d6e334914a0a033e0746bb6b095a,25.82950152321853,4.2693390948114443e-05,47100.87
833,0x6edd42536805df51fa336a7b5ff1062f32d522fe,25.81529725,4.26699128105628e-05,47074.97
834,0xa9e78ee9a93f366f28becdb0e633cd1d10b3cfb1,25.80349921723687,4.265041192996229e-05,47053.45
835,0xcbdfad7716445a207489e4db135e1fa8ac9352e6,25.799943,4.264453388494258e-05,47046.97
836,0xfbfecb344636a595ccdb5409c7a3f43199b712b5,25.66395149912051,4.241975454464251e-05,46798.99
837,0x359a76db7afdad46f0e2c6699ec768c1064c86ca,25.611330900686813,4.2332778348883014e-05,46703.03
838,0x00008ade0d5e7aa0cca9afbe11e0b9cbafd30000,25.61022367531288,4.233094822429797e-05,46701.01
839,0x0677fb47b0ab26e3d4fb8805dad986171640d0a2,25.589202467500566,4.2296202426260564e-05,46662.68
840,0xe324aa41eefd912421c601626a6d5f85cc346b6a,25.58854119969149,4.2295109421617445e-05,46661.47
841,0x29ed3b274977c4f858692d20cbb157a31980b23c,25.58090515,4.2282487851879255e-05,46647.55
842,0x447f7e35cc0f926fb51a2aba0d90c7c7adbcd79d,25.568189692960946,4.2261470567516865e-05,46624.36
843,0x76accfb75b8bb7c6c295f04d19c1d184d274c853,25.542342817038637,4.221874845855372e-05,46577.23
844,0x6d063d021fcb14b75767f931321e954df57eba29,25.53967416,4.221433745518401e-05,46572.36
845,0x33fd212a17eb516fa1acac2fd2a74d12b229100b,25.45501197,4.2074399951049666e-05,46417.98
846,0xad6a84f650ba435b1a26675887a3a37c9e47599e,25.4323638356,4.203696501815653e-05,46376.68
847,0xfa9965f509762fe8de7768b7872e05cb63f2e831,25.42108053,4.2018314926255426e-05,46356.1
848,0x1ca8d8c18e836d1783c858c0e8cfeac061f33a51,25.405922810663437,4.199326084470701e-05,46328.46
849,0xc87763385b3957e1d42b21f46ff590dd05e5f71d,25.386265697503223,4.1960769748573934e-05,46292.62
850,0xa6d97792f915f64cf31655ac4a7dbe18d19d95fa,25.380814602032242,4.195175967341515e-05,46282.68
851,0x2a5a0e012297d9f294a9a9169a93782d148d88a1,25.350718,4.190201322377433e-05,46227.79
852,0x0a13d8e8a04d2e184da285c0b92fb281fb053882,25.24434276948785,4.172618639647886e-05,46033.82
853,0xd8fc5a775a2f77a27e6e57881100c76b45039a8a,25.202476992131967,4.165698676448461e-05,45957.47
854,0x39dd07ac211c33e796e6d89c4df9481e0b60ecfe,25.1649674914412,4.1594987589788196e-05,45889.07
855,0xd6c044ae19c0bec44340ba4ee1279917be80ef16,25.10662052,4.1498546314677316e-05,45782.68
856,0xf1a847d184da7a8bace4d83360188fb1ece5b22e,25.0462286,4.1398724959303905e-05,45672.55
857,0x4b665f6871505e9cb1ff0ba2f908f4ae04b1b9da,25.024697747454177,4.136313677327721e-05,45633.29
858,0x7a328d7d0c9fad5ac09679966fae7e98047a312f,25.011372270575276,4.1341111191658856e-05,45608.99
859,0xfeb0b345afa8ad1090e9fc8c138c865a939f591b,25.01134642,4.134106846343526e-05,45608.94
860,0xa438b4dc1ec15e1d6fa3d31af7167223f014b1bb,25.000003,4.1322319008889524e-05,45588.26
861,0x56aa1e3e1cac197d4f2e228f9e3727fff0b31544,25.0,4.1322314050211836e-05,45588.25
862,0x0fc923008298193f9d72addf73519f3db3bc9900,24.999941,4.132221652955068e-05,45588.14
863,0xa8240fc62456fe2f6176bdd679e7a99109a0269d,24.999937,4.132220991798043e-05,45588.14
864,0x1b027f15253a2ab3435c48aeadca15a5be76726c,24.9718522,4.1275788760954934e-05,45536.92
865,0x6768a3d05fa113ebd49dc0b6253a06640c75b4e4,24.955230339079293,4.124831461067236e-05,45506.61
866,0x4c38c8f90c246a7709210ad0479a5b5b8360f933,24.9272297,4.1202032562606714e-05,45455.55
867,0x15a6805651f6d30c8fffec1bcf0f454c92eed8f1,24.9,4.115702479401099e-05,45405.9
868,0x00ff0ab518cc77c8939f8b19a3acc3f75f315b32,24.874561642584652,4.111497792224945e-05,45359.51
869,0xe3dd51b59115174c0de736159142e74a499ae405,24.84539262,4.1066764661778215e-05,45306.32
870,0x5c1201b119288a937c54488f920a13fc7a3cddef,24.810057596519655,4.1008359664289167e-05,45241.88
871,0xdf723f6cb0955032c689b93eea7373990cd70190,24.698854056388917,4.082455215993806e-05,45039.1
872,0x105b1b68a9a9586bd407c78deb6c459b8fcda354,24.67032422,4.0777395405575496e-05,44987.08
873,0x86916e5b2c2b3c959c440218ff1f24fd647b2159,24.64453746336998,4.073477266734341e-05,44940.05
874,0xbd397d7b84c9d2d3d372742b9b451584c4791cea,24.638593727022926,4.072494830974483e-05,44929.21
875,0xeeead3ccc60e5411110110010403a1819f35da07,24.634658433107752,4.071844369170312e-05,44922.04
876,0x82097b67ddd6845c09e5a6c10df85c9e0e26a4b3,24.5977515,4.0657440496482776e-05,44854.74
877,0x49bc0aa3447197ae59b29a090bb8dc9ae4c4d9fb,24.591389,4.0646923967556996e-05,44843.14
878,0xef951dcb72c4769c096cec21c177900de9a9eb4b,24.57590507413118,4.062133070165773e-05,44814.9
879,0xb90adaea2e267bf3393a29390363a86ce9c8e62c,24.5597755,4.059467024854794e-05,44785.49
880,0xd12813d2d564f60d6ca228fe845a0841f7a489c3,24.54713672440318,4.057377971037106e-05,44762.44
881,0xbfdb88aa95f069b1b93f0d15a9fb3dc165a4c652,24.53634179,4.0555936843588675e-05,44742.76
882,0xbf04b8e7a2a6d84755d24cbb597535abef3294e1,24.525113238617237,4.053737725452598e-05,44722.28
883,0xcbd64e711bbf14df1605f3de91f471ba10cd5439,24.51143388,4.051476674441449e-05,44697.34
884,0xe1a0743c3b2e6ad54326461df06a6312452610ef,24.50619054923556,4.05061000819938e-05,44687.77
885,0x39cd7f204b3b1a9277000425d6f682e701d2a6b7,24.36455937,4.027199895928686e-05,44429.5
886,0x2aecc9f4be315e9462859bfe964278cf373944b9,24.341151,4.0233307438625114e-05,44386.82
887,0x54e6e0dd3acde9291439ecb6806b5dd157e814a6,24.3036035504178,4.017124553848831e-05,44318.35
888,0x06a26da149b3baef8001f6f4cda1b43247b8266c,24.3,4.0165289256805905e-05,44311.78
889,0xf1831ee3bf48e83793ddbd95f5265dcd40ea6d42,24.21858607008775,4.003072077761007e-05,44163.32
890,0xcee4d5a96e1a704b0a6ac7cd9216e16ccadef1d6,24.216035220537474,4.002650449736162e-05,44158.67
891,0x864229ede8ce8023d2057e1121f9b5f994d63354,24.18966612,3.998291920721637e-05,44110.58
892,0xea1b1b47012c83033821b5abeee54faeafe60828,24.183851727331202,3.997330864082152e-05,44099.98
893,0x87c81861769c53d7051bc2bbff3b19d94d4458ab,24.169138881439967,3.9948989887281916e-05,44073.15
894,0x8c8f826d8cf6735e9aad43f06084da2b29fc7ede,24.1674719,3.994623454605879e-05,44070.11
895,0x3b2067d818f41fcc40db854204932fc7feac11de,24.1,3.9834710744404213e-05,43947.07
896,0x9fa2693ffa9d702693f83a829da8462cecbdeb97,24.079312300435618,3.9800516199669176e-05,43909.35
897,0x3dce789d82eb0367cf0f1c0c61fb99355fd429d2,23.98754,3.9648826446880736e-05,43742.0
898,0x8a916239e52002167412cfbd1cfc933e25650b8e,23.9421919900195,3.957387105848208e-05,43659.31
899,0xa888d671e17b75364834b8d8da26a15722948ab9,23.938638420807287,3.956799739036264e-05,43652.83
900,0x013f14b59120286d0f961bd94102ee83040e0ff3,23.89445938999916,3.949497419894314e-05,43572.26
901,0xecc48dc21acf98476eba9916d516cb84b84fda78,23.86517205,3.944656537249752e-05,43518.86
902,0x8ab3f3ecb2d1ea5e709f48503d9f8091b4f635f8,23.830937518936558,3.9389979370738904e-05,43456.43
903,0x576f08c6792ac49ec88cd204a62937c1dcb66c65,23.81304323,3.936040203365324e-05,43423.8
904,0x0f3ecd6381476899beaa260f35eccf937b086347,23.762117179314068,3.927622674326199e-05,43330.93
905,0x5156d4255a5faadc599b5902f02ae3ea719824a7,23.73985847938101,3.923943550370266e-05,43290.34
906,PancakeSwap V2: ETH-TOZ,23.716553442014796,3.920091478078272e-05,43247.85
907,0x90b9ec770bbf3a3608504a79da3985c244c452d5,23.700032,3.917360661216281e-05,43217.72
908,0x09ed88ee1c9a293be48fd1328800931128d8f2ee,23.636982469,3.906939251133478e-05,43102.75
909,0xdcdb6ac097450497b8a2097d7bd72963573718d4,23.631741172975072,3.9060729212119896e-05,43093.19
910,0x2af7d388ea79d668e49d3f51cf6ae55c986bb87d,23.587412686703072,3.8987458986875814e-05,43012.35
911,0xbf672c426a4d3587ab4042ba5b585931045c5b92,23.44407512,3.8750537389015916e-05,42750.97
912,0xad308bdd87c4d8db402365366634051894cb37ce,23.43810833566376,3.874067493556743e-05,42740.09
913,zazoley.bnb,23.400206861356672,3.867802787059609e-05,42670.98
914,0x0bb164954b31434faa6d0ac3847c5099271d4108,23.392708761227954,3.866563431666414e-05,42657.31
915,0x46b003f126a4ffa8bde8aae0b48fc81668285279,23.36856944,3.8625734612154524e-05,42613.29
916,0x619e1ea3cc82fd03aef540f2192914af325fdecd,23.29872871,3.851029538901228e-05,42485.93
917,0x4d4fe441322aed3ec9c5604be6277eadd28d971d,23.23544396,3.8405692496448716e-05,42370.53
918,0xf0bc144d57a2a662ea1bb71ae7693aae82f0b56f,23.22469776798268,3.8387930195593366e-05,42350.93
919,0x2093e4b3f7f166e819b2b877678aae507f5423bc,23.215237614330338,3.8372293577985955e-05,42333.68
920,0x87c029bbb64c39a2a6762ac0e031757d2974e275,23.176302663498753,3.8307938287354264e-05,42262.68
921,0x33ba7d7810dc4f915f4e5e9018cd584cf5926ce7,23.14709247751368,3.825965698820465e-05,42209.42
922,0xabc3139babcd8a5aa31fdb9b9e9164b35ec0c4da,23.1,3.818181818239574e-05,42123.54
923,0xe83528fc3b800b7927544132967c29f2648a23a0,23.09542885,3.817426256256092e-05,42115.21
924,0x2b931a40258aaa591c2fdcaf513778153e75b3d2,23.093934,3.8171791736114594e-05,42112.48
925,0x7a757163434b2ac43b6f3616c6df2a2860fb2991,23.040775798143123,3.808392693965562e-05,42015.55
926,0x0cb3f4d84459426405899e2a418ae8a7031f60eb,23.03916817126705,3.808126970514967e-05,42012.61
927,0xdc99d8c4f896eadd46e906fe89bdef8ba43dbb57,23.00822339964855,3.80301213223084e-05,41956.19
928,0x33485f457534cbc517e2d13b34c9b229b93e3547,23.00542398196442,3.802549418564035e-05,41951.08
929,0x2736a08f75d1f26611f2e648535a414c6eee7728,23.000462178277527,3.8017292857232136e-05,41942.03
930,0xd8c98cb2b37a0063921aed2596b72b4680b452d0,23.0,3.801652892619489e-05,41941.19
931,0x3cb43383a888c158cfdb7156eded85db528af8d7,22.999742818093914,3.8016103832135235e-05,41940.72
932,0xa7de4c94fb94f5d5a4e9207e806871f418c9809d,22.967018,3.7962013223714726e-05,41881.05
933,0x9e6c832a05a64af316f1545d45d8fdbbd75ef38d,22.92382979,3.7890627752639263e-05,41802.29
934,0xbba2702b660b0471c2a0d6d28094ee3260ce32e7,22.91218902,3.787138681049022e-05,41781.06
935,0xe2c3da7fca5d851c28539fa98db2167d1bdf95bb,22.91,3.786776859561413e-05,41777.07
936,0x868f027a5e3bd1cd29606a6681c3ddb7d3dd9b67,22.908310251656246,3.786497562314507e-05,41773.99
937,0x02d09ac3cf9df27ddd705883cd0abc7fe24919ec,22.90010520904499,3.7851413569241964e-05,41759.03
938,0x6b9b86bb7e6a3778bf31bf35dadcfc9b4544e1b9,22.84501065,3.7760348182389365e-05,41658.56
939,0x10bf6e7b28b1cffb1c047d7f815953931e5ee947,22.821921155448965,3.772218372858542e-05,41616.46
940,0x3a7a9dc920edd5b0ae49a6d70b41ee2513734b0b,22.809141620727235,3.7701060530697944e-05,41593.15
941,0x1fa147a1c26443db34623ee5c350918ad41d6c0a,22.8,3.76859504137932e-05,41576.48
942,0x40c94c03eaf228526b685b5a08b630aab3ee74c0,22.6959286054413,3.751393157980927e-05,41386.71
943,0xabc0948e1551c52c7d0cfc7b9fb2f95a8b2ccf10,22.6887734,3.75021047939557e-05,41373.66
944,0x3eae843ed2367242d767ead473ee5ec836894c15,22.679277064873723,3.7486408372259145e-05,41356.34
945,0x7a56f3f64747916186e52c32edb0ad6aee3a2e54,22.660515542687662,3.745539759178584e-05,41322.13
946,0x5ab6ac6af1cace9bbed6360220b216a225cce8f9,22.64129565,3.7423629174119804e-05,41287.08
947,0xef89d9ad32b040c4c0b7966bcb6d8fbc71133d20,22.623109274956445,3.739356905008042e-05,41253.92
948,0xbee24504719c8b07f605d31b5612119f76be22ef,22.575905705132353,3.731554662061793e-05,41167.84
949,0x1164ab01739b85335ee0cd0ed740e895d63d9649,22.568552853689607,3.730339314715866e-05,41154.43
950,0x2d632eb153620bbaa0a6cf7daf9eae3247ca4777,22.505666,3.7199447934446995e-05,41039.76
951,0x9e3d15a893246d3ded6cb2319594808793850e19,22.5,3.719008264519065e-05,41029.43
952,0xf63b1623853b853bd7d35050cf0e5672618d032e,22.36112351,3.696053472783181e-05,40776.18
953,Acsi.Finance: Vault,22.353774961001317,3.6948388365850336e-05,40762.78
954,0x289b821445cb862bfd91f44e553f632628bfb1ad,22.24502782,3.676864102534957e-05,40564.48
955,0x636b7db848de8174264d56194010a9f54bf44f0a,22.2269237,3.673871686005986e-05,40531.46
956,0x1aa0c3c5de812999e84e6efe3bd031aa7f9dc773,22.21640729,3.672133436419183e-05,40512.29
957,0x4dae3f48598e4ce0c1395be0115cc69c1e2eff07,22.142465621329272,3.659911673002349e-05,40377.45
958,0x66fd05ef66444d184cf62bdeaa6d68263af82917,22.11371211,3.655159026501571e-05,40325.02
959,0xa3cb6d87624670f6e20f1cc272226c0fbfb18ac5,22.09716753354892,3.652424385765814e-05,40294.85
960,0x4152c253f8fe75deea6c21d53ee3e92ca1c81797,22.013423701860518,3.6385824301146287e-05,40142.14
961,0xf09bcc897cd2b385ec67ca0f63a564dc9bf45dc3,22.00159287,3.6366269207161666e-05,40120.56
962,0xd03e8ae57fc81faf8293fd43ab951dd5f4e352d5,22.000995,3.6365280992285614e-05,40119.47
963,0xa2bffedc9de6b421760bfffd87ce0c810d47de28,22.0,3.636363636418642e-05,40117.66
964,0x608756c184a0723077b0c10f97f4d054c9ee1c0f,22.0,3.636363636418642e-05,40117.66
965,0xd50e8ce9d5c1f5228bcc77e318907bb4960578ef,21.993403197191952,3.635273255789196e-05,40105.63
966,Huobi 1,21.98629947676196,3.6340990871230635e-05,40092.68
967,0xa0c6919b3a0664b95e49894d219d0d97cfe51d01,21.96796341636574,3.6310683333385186e-05,40059.24
968,0xd18b23ad6c8acc4ad32aad6a5df750ce28c8c772,21.935455279999985,3.625695087658147e-05,39999.96
969,0x3f3b5145744bf7bdd9db75b1ff81364698cd38be,21.9163288225,3.622533689724217e-05,39965.08
970,WardenSwap: Fee Collector,21.788356078628947,3.60138117007579e-05,39731.72
971,0x9a9b56d8ef7c93c69e5be9e3e19069c6d273a26c,21.76856364370731,3.5981096932291885e-05,39695.63
972,0x8d88e440b771c5652f1b91944dc25e625e1e590c,21.766091373237877,3.597701053482169e-05,39691.12
973,0x0e9e0822c55425b34511618f9f5e736515186e40,21.703569228525176,3.587366814686525e-05,39577.11
974,0xd8a67133b2b34130b87bd8575c844f80a9c4f120,21.68143511,3.583708282698837e-05,39536.75
975,0x06ab7994b27d52b7eacb41b83c9dad540f3348ed,21.680229,3.5835089256740404e-05,39534.55
976,0xed1cff8a682280054e91a02fdd00eda09377dc09,21.663806061602337,3.5807943904016585e-05,39504.6
977,0x4f531488fbc2713ec4e5d257d938f093537cb001,21.63,3.575206611624328e-05,39442.95
978,0xd74926d621da12fb92547352cec94ad9f5781450,21.62800894372382,3.5748775114133845e-05,39439.32
979,0x2152aee15e021c01a57ac7e543b39230ae2fcaa1,21.602765472525217,3.5707050368350396e-05,39393.29
980,0x0d4b9c47702ddcbb50a22c0d368b664b5fa632d0,21.572648460641847,3.565727018341846e-05,39338.37
981,0x3c81d333a9a8bff97132e75f45ac34dde8bb0524,21.523276604339255,3.557566380936335e-05,39248.34
982,0xe60106e2ab52e33da863c1fac2c6b223d2176f0a,21.48288367,3.55088986286363e-05,39174.68
983,0x6d35658a08cbb0bea759bc70b76a5b9f76dfd909,21.47993083,3.55040179013635e-05,39169.3
984,0x9a524032376666cf6d3a6f929640c0f08328cfda,21.37761615879932,3.533490274235155e-05,38982.72
985,0xaa8f5c71990645fb9a33ac959590bf6c7e7e4dc9,21.2876702,3.518623173606943e-05,38818.71
986,0x35d3a29e2e65e6a72b243308d781a94cc2247a7b,21.26,3.514049586830015e-05,38768.25
987,0x59c0bce49fa14cc48accb38a7ae44f604299a87d,21.22987619865279,3.5090704461113925e-05,38713.32
988,0x6046b72f470bf9ffb92e950b168f84f62f38c0c3,21.2285509993892,3.5088514049107954e-05,38710.9
989,0xebba9efc55ff896387ef75143df65dc204ce1ef4,21.223,3.507933884350583e-05,38700.78
990,0x2ed06ea49d063d9570cb54c7ca19508cc3656ca9,21.20133302930739,3.504352566880676e-05,38661.27
991,0x7a01368ebf94fc133fce49a0c0a8600cdd29fca0,21.16273292,3.4979723835239866e-05,38590.88
992,0x3405c7d060822669696f7d88ae273cc87db7d2e3,21.160331461935193,3.497575448306657e-05,38586.5
993,0xd4179a21ad5d283a3e27351aeae6fa174b61a069,21.11183147,3.4895589207139415e-05,38498.06
994,0x84abeb939fcc334b8737e77957c22249a2831a33,21.10688020224244,3.488740529349043e-05,38489.03
995,0x5868c60100626574a02582982f0c7917e7538794,21.10141334596877,3.487836916741811e-05,38479.06
996,0xad9dd77dec40e459ec69207caec422042ca94ee8,21.1,3.487603305837879e-05,38476.48
997,0x97e4fdcbb2fac3d3d8420312717187d8687d0d33,21.003720063570515,3.4716892667583845e-05,38300.91
998,0xc886240dce6d23f473a4b6ed3fd83d91d3084f4b,21.00000204,3.471074717407877e-05,38294.13
999,0xd025db00975d6387cd19a4c4991665659a3f172d,21.000000909722754,3.471074530585192e-05,38294.13
1000,0xda8f54c31cbbd67348c00d97bf935cab6441b807,21.0,3.471074380217794e-05,38294.13
